schema_name,table_name,table_description,column_position,column_name,data_type,not_null,column_description
raw,catalog_валюты,,1,Ref_Key,text,f,
raw,catalog_валюты,,2,DataVersion,text,f,
raw,catalog_валюты,,3,DeletionMark,text,f,
raw,catalog_валюты,,4,Code,text,f,
raw,catalog_валюты,,5,Description,text,f,
raw,catalog_валюты,,6,ЗагружаетсяИзИнтернета,text,f,
raw,catalog_валюты,,7,НаименованиеПолное,text,f,
raw,catalog_валюты,,8,Наценка,text,f,
raw,catalog_валюты,,9,ОсновнаяВалюта_Key,text,f,
raw,catalog_валюты,,10,ПараметрыПрописи,text,f,
raw,catalog_валюты,,11,ФормулаРасчетаКурса,text,f,
raw,catalog_валюты,,12,СпособУстановкиКурса,text,f,
raw,catalog_валюты,,13,Представления,text,f,
raw,catalog_валюты,,14,Predefined,text,f,
raw,catalog_валюты,,15,PredefinedDataName,text,f,
raw,catalog_контрагенты,,1,Ref_Key,text,f,
raw,catalog_контрагенты,,2,DataVersion,text,f,
raw,catalog_контрагенты,,3,DeletionMark,text,f,
raw,catalog_контрагенты,,4,Description,text,f,
raw,catalog_контрагенты,,5,НаименованиеПолное,text,f,
raw,catalog_контрагенты,,6,ОбособленноеПодразделение,text,f,
raw,catalog_контрагенты,,7,ЮридическоеФизическоеЛицо,text,f,
raw,catalog_контрагенты,,8,СтранаРегистрации_Key,text,f,
raw,catalog_контрагенты,,9,ГоловнойКонтрагент_Key,text,f,
raw,catalog_контрагенты,,10,ИНН,text,f,
raw,catalog_контрагенты,,11,КПП,text,f,
raw,catalog_контрагенты,,12,ДополнительнаяИнформация,text,f,
raw,catalog_контрагенты,,13,Партнер_Key,text,f,
raw,catalog_контрагенты,,14,ЮрФизЛицо,text,f,
raw,catalog_контрагенты,,15,УдалитьНДСПоСтавкам4и2,text,f,
raw,catalog_контрагенты,,16,КодПоОКПО,text,f,
raw,catalog_контрагенты,,17,РегистрационныйНомер,text,f,
raw,catalog_контрагенты,,18,НалоговыйНомер,text,f,
raw,catalog_контрагенты,,19,НаименованиеМеждународное,text,f,
raw,catalog_контрагенты,,20,НаименованиеВТранскрипции,text,f,
raw,catalog_контрагенты,,21,НаименованиеЯзык1,text,f,
raw,catalog_контрагенты,,22,НаименованиеЯзык2,text,f,
raw,catalog_контрагенты,,23,КонтактнаяИнформация,text,f,
raw,catalog_контрагенты,,24,ДополнительныеРеквизиты,text,f,
raw,catalog_контрагенты,,25,ИсторияКПП,text,f,
raw,catalog_контрагенты,,26,ИсторияНаименований,text,f,
raw,catalog_контрагенты,,27,Predefined,text,f,
raw,catalog_контрагенты,,28,PredefinedDataName,text,f,
raw,catalog_контрагенты,,29,ГоловнойКонтрагент@navigationLinkUrl,text,f,
raw,catalog_контрагенты,,30,Партнер@navigationLinkUrl,text,f,
raw,catalog_номенклатура,,1,Ref_Key,text,f,
raw,catalog_номенклатура,,2,DataVersion,text,f,
raw,catalog_номенклатура,,3,DeletionMark,text,f,
raw,catalog_номенклатура,,4,Parent_Key,text,f,
raw,catalog_номенклатура,,5,IsFolder,text,f,
raw,catalog_номенклатура,,6,Code,text,f,
raw,catalog_номенклатура,,7,Description,text,f,
raw,catalog_номенклатура,,8,ЕдиницаИзмерения_Key,text,f,
raw,catalog_номенклатура,,9,Артикул,text,f,
raw,catalog_номенклатура,,10,ВариантОформленияПродажи,text,f,
raw,catalog_номенклатура,,11,ВесЕдиницаИзмерения_Key,text,f,
raw,catalog_номенклатура,,12,ВесЗнаменатель,text,f,
raw,catalog_номенклатура,,13,ВесИспользовать,text,f,
raw,catalog_номенклатура,,14,ВесМожноУказыватьВДокументах,text,f,
raw,catalog_номенклатура,,15,ВесЧислитель,text,f,
raw,catalog_номенклатура,,16,ВестиУчетПоГТД,text,f,
raw,catalog_номенклатура,,17,ВестиУчетСертификатовНоменкла,text,f,
raw,catalog_номенклатура,,18,ВидАлкогольнойПродукции_Key,text,f,
raw,catalog_номенклатура,,19,ВидНоменклатуры_Key,text,f,
raw,catalog_номенклатура,,20,ГруппаДоступа_Key,text,f,
raw,catalog_номенклатура,,21,АлкогольнаяПродукция,text,f,
raw,catalog_номенклатура,,22,НаименованиеПолное,text,f,
raw,catalog_номенклатура,,23,ЕдиницаИзмеренияСрокаГодности,text,f,
raw,catalog_номенклатура,,24,ЕстьТоварыДругогоКачества,text,f,
raw,catalog_номенклатура,,25,ИмпортнаяАлкогольнаяПродукция,text,f,
raw,catalog_номенклатура,,26,ДлинаЕдиницаИзмерения_Key,text,f,
raw,catalog_номенклатура,,27,ДлинаЗнаменатель,text,f,
raw,catalog_номенклатура,,28,ДлинаИспользовать,text,f,
raw,catalog_номенклатура,,29,ДлинаМожноУказыватьВДокумента,text,f,
raw,catalog_номенклатура,,30,ДлинаЧислитель,text,f,
raw,catalog_номенклатура,,31,ИспользованиеХарактеристик,text,f,
raw,catalog_номенклатура,,32,ИспользоватьИндивидуальныйШаб,text,f,
raw,catalog_номенклатура,,33,ИспользоватьИндивидуальныйШаб_1,text,f,
raw,catalog_номенклатура,,34,ИспользоватьУпаковки,text,f,
raw,catalog_номенклатура,,35,Качество,text,f,
raw,catalog_номенклатура,,36,КодДляПоиска,text,f,
raw,catalog_номенклатура,,37,Марка_Key,text,f,
raw,catalog_номенклатура,,38,НаборУпаковок_Key,text,f,
raw,catalog_номенклатура,,39,ГруппаФинансовогоУчета_Key,text,f,
raw,catalog_номенклатура,,40,НоменклатураМногооборотнаяТар,text,f,
raw,catalog_номенклатура,,41,ОбъемДАЛ,text,f,
raw,catalog_номенклатура,,42,Описание,text,f,
raw,catalog_номенклатура,,43,УдалитьПодакцизныйТовар,text,f,
raw,catalog_номенклатура,,44,ПоставляетсяВМногооборотнойТа,text,f,
raw,catalog_номенклатура,,45,Производитель_Key,text,f,
raw,catalog_номенклатура,,46,ПроизводительИмпортерКонтраге,text,f,
raw,catalog_номенклатура,,47,СкладскаяГруппа_Key,text,f,
raw,catalog_номенклатура,,48,СрокГодности,text,f,
raw,catalog_номенклатура,,49,СтавкаНДС_Key,text,f,
raw,catalog_номенклатура,,50,ТипНоменклатуры,text,f,
raw,catalog_номенклатура,,51,ТоварнаяКатегория_Key,text,f,
raw,catalog_номенклатура,,52,ФайлКартинки_Key,text,f,
raw,catalog_номенклатура,,53,ФайлОписанияДляСайта_Key,text,f,
raw,catalog_номенклатура,,54,ОбъемЕдиницаИзмерения_Key,text,f,
raw,catalog_номенклатура,,55,ОбъемЗнаменатель,text,f,
raw,catalog_номенклатура,,56,ОбъемИспользовать,text,f,
raw,catalog_номенклатура,,57,ОбъемМожноУказыватьВДокумента,text,f,
raw,catalog_номенклатура,,58,ОбъемЧислитель,text,f,
raw,catalog_номенклатура,,59,ХарактеристикаМногооборотнаяТ,text,f,
raw,catalog_номенклатура,,60,ПлощадьЕдиницаИзмерения_Key,text,f,
raw,catalog_номенклатура,,61,ПлощадьЗнаменатель,text,f,
raw,catalog_номенклатура,,62,СхемаОбеспечения_Key,text,f,
raw,catalog_номенклатура,,63,СпособОбеспеченияПотребностей_,text,f,
raw,catalog_номенклатура,,64,ПлощадьИспользовать,text,f,
raw,catalog_номенклатура,,65,ПлощадьМожноУказыватьВДокумен,text,f,
raw,catalog_номенклатура,,66,ПлощадьЧислитель,text,f,
raw,catalog_номенклатура,,67,ЦеноваяГруппа_Key,text,f,
raw,catalog_номенклатура,,68,ШаблонЦенника_Key,text,f,
raw,catalog_номенклатура,,69,ЕдиницаДляОтчетов_Key,text,f,
raw,catalog_номенклатура,,70,КоэффициентЕдиницыДляОтчетов,text,f,
raw,catalog_номенклатура,,71,ШаблонЭтикетки_Key,text,f,
raw,catalog_номенклатура,,72,СезоннаяГруппа_Key,text,f,
raw,catalog_номенклатура,,73,КоллекцияНоменклатуры_Key,text,f,
raw,catalog_номенклатура,,74,Принципал,text,f,
raw,catalog_номенклатура,,75,Принципал_Type,text,f,
raw,catalog_номенклатура,,76,Контрагент,text,f,
raw,catalog_номенклатура,,77,Контрагент_Type,text,f,
raw,catalog_номенклатура,,78,РейтингПродаж_Key,text,f,
raw,catalog_номенклатура,,79,ОбособленнаяЗакупкаПродажа,text,f,
raw,catalog_номенклатура,,80,ГруппаАналитическогоУчета_Key,text,f,
raw,catalog_номенклатура,,81,КодТНВЭД_Key,text,f,
raw,catalog_номенклатура,,82,КодОКВЭД_Key,text,f,
raw,catalog_номенклатура,,83,КодОКП_Key,text,f,
raw,catalog_номенклатура,,84,ОблагаетсяНДПИПоПроцентнойСта,text,f,
raw,catalog_номенклатура,,85,ВладелецСерий_Key,text,f,
raw,catalog_номенклатура,,86,ВладелецХарактеристик_Key,text,f,
raw,catalog_номенклатура,,87,ВладелецТоварныхКатегорий_Key,text,f,
raw,catalog_номенклатура,,88,АпкКультура_Key,text,f,
raw,catalog_номенклатура,,89,Крепость,text,f,
raw,catalog_номенклатура,,90,ОсобенностьУчета,text,f,
raw,catalog_номенклатура,,91,ПродукцияМаркируемаяДляГИСМ,text,f,
raw,catalog_номенклатура,,92,КиЗГИСМ,text,f,
raw,catalog_номенклатура,,93,КиЗГИСМВид,text,f,
raw,catalog_номенклатура,,94,КиЗГИСМСпособВыпускаВОборот,text,f,
raw,catalog_номенклатура,,95,КиЗГИСМGTIN,text,f,
raw,catalog_номенклатура,,96,АпкСтатьяКалькуляции_Key,text,f,
raw,catalog_номенклатура,,97,АпкВесовойКоэффициент,text,f,
raw,catalog_номенклатура,,98,КиЗГИСМРазмер,text,f,
raw,catalog_номенклатура,,99,ПодконтрольнаяПродукцияВЕТИС,text,f,
raw,catalog_номенклатура,,100,АлкогольнаяПродукцияВоВскрыто,text,f,
raw,catalog_номенклатура,,101,КодРаздел7ДекларацииНДС_Key,text,f,
raw,catalog_номенклатура,,102,ОблагаетсяНДСУПокупателя,text,f,
raw,catalog_номенклатура,,103,УдалитьКодОКВЭД2_Key,text,f,
raw,catalog_номенклатура,,104,АпкКлассПродукции,text,f,
raw,catalog_номенклатура,,105,КодОКПД2_Key,text,f,
raw,catalog_номенклатура,,106,КодВидаНоменклатурнойКлассифи,text,f,
raw,catalog_номенклатура,,107,АпкНазначение,text,f,
raw,catalog_номенклатура,,108,АпкСодержаниеАзота,text,f,
raw,catalog_номенклатура,,109,АпкСодержаниеФосфора,text,f,
raw,catalog_номенклатура,,110,АпкСодержаниеКалия,text,f,
raw,catalog_номенклатура,,111,АпкВидУдобрений,text,f,
raw,catalog_номенклатура,,112,НаименованиеВидаНоменклатурно,text,f,
raw,catalog_номенклатура,,113,ЕдиницаИзмеренияТНВЭД_Key,text,f,
raw,catalog_номенклатура,,114,СтранаПроисхождения_Key,text,f,
raw,catalog_номенклатура,,115,АпкГодУрожая,text,f,
raw,catalog_номенклатура,,116,ПрослеживаемыйТовар,text,f,
raw,catalog_номенклатура,,117,ПереноситьРНПТМатериала,text,f,
raw,catalog_номенклатура,,118,АпкТипСтоимости,text,f,
raw,catalog_номенклатура,,119,АпкРепродукцияСемян,text,f,
raw,catalog_номенклатура,,120,КодТРУ,text,f,
raw,catalog_номенклатура,,121,КодПоКВПД,text,f,
raw,catalog_номенклатура,,122,КодОКВЭД2,text,f,
raw,catalog_номенклатура,,123,ПродаетсяПоРазрешению,text,f,
raw,catalog_номенклатура,,124,Операции0_Key,text,f,
raw,catalog_номенклатура,,125,КонтролироватьКачествоПоступи,text,f,
raw,catalog_номенклатура,,126,СрокКонтроляКачества,text,f,
raw,catalog_номенклатура,,127,НаименованиеЯзык1,text,f,
raw,catalog_номенклатура,,128,НаименованиеЯзык2,text,f,
raw,catalog_номенклатура,,129,ДополнительныеРеквизиты,text,f,
raw,catalog_номенклатура,,130,ДрагоценныеМатериалы,text,f,
raw,catalog_номенклатура,,131,Представления,text,f,
raw,catalog_номенклатура,,132,Predefined,text,f,
raw,catalog_номенклатура,,133,PredefinedDataName,text,f,
raw,catalog_номенклатура_backup_20260815,,1,Ref_Key,text,f,
raw,catalog_номенклатура_backup_20260815,,2,DataVersion,text,f,
raw,catalog_номенклатура_backup_20260815,,3,DeletionMark,text,f,
raw,catalog_номенклатура_backup_20260815,,4,Parent_Key,text,f,
raw,catalog_номенклатура_backup_20260815,,5,IsFolder,text,f,
raw,catalog_номенклатура_backup_20260815,,6,Code,text,f,
raw,catalog_номенклатура_backup_20260815,,7,Description,text,f,
raw,catalog_номенклатура_backup_20260815,,8,ЕдиницаИзмерения_Key,text,f,
raw,catalog_номенклатура_backup_20260815,,9,Артикул,text,f,
raw,catalog_номенклатура_backup_20260815,,10,ВариантОформленияПродажи,text,f,
raw,catalog_номенклатура_backup_20260815,,11,ВесЕдиницаИзмерения_Key,text,f,
raw,catalog_номенклатура_backup_20260815,,12,ВесЗнаменатель,text,f,
raw,catalog_номенклатура_backup_20260815,,13,ВесИспользовать,text,f,
raw,catalog_номенклатура_backup_20260815,,14,ВесМожноУказыватьВДокументах,text,f,
raw,catalog_номенклатура_backup_20260815,,15,ВесЧислитель,text,f,
raw,catalog_номенклатура_backup_20260815,,16,ВестиУчетПоГТД,text,f,
raw,catalog_номенклатура_backup_20260815,,17,ВестиУчетСертификатовНоменкла,text,f,
raw,catalog_номенклатура_backup_20260815,,18,ВидАлкогольнойПродукции_Key,text,f,
raw,catalog_номенклатура_backup_20260815,,19,ВидНоменклатуры_Key,text,f,
raw,catalog_номенклатура_backup_20260815,,20,ГруппаДоступа_Key,text,f,
raw,catalog_номенклатура_backup_20260815,,21,АлкогольнаяПродукция,text,f,
raw,catalog_номенклатура_backup_20260815,,22,НаименованиеПолное,text,f,
raw,catalog_номенклатура_backup_20260815,,23,ЕдиницаИзмеренияСрокаГодности,text,f,
raw,catalog_номенклатура_backup_20260815,,24,ЕстьТоварыДругогоКачества,text,f,
raw,catalog_номенклатура_backup_20260815,,25,ИмпортнаяАлкогольнаяПродукция,text,f,
raw,catalog_номенклатура_backup_20260815,,26,ДлинаЕдиницаИзмерения_Key,text,f,
raw,catalog_номенклатура_backup_20260815,,27,ДлинаЗнаменатель,text,f,
raw,catalog_номенклатура_backup_20260815,,28,ДлинаИспользовать,text,f,
raw,catalog_номенклатура_backup_20260815,,29,ДлинаМожноУказыватьВДокумента,text,f,
raw,catalog_номенклатура_backup_20260815,,30,ДлинаЧислитель,text,f,
raw,catalog_номенклатура_backup_20260815,,31,ИспользованиеХарактеристик,text,f,
raw,catalog_номенклатура_backup_20260815,,32,ИспользоватьИндивидуальныйШаб,text,f,
raw,catalog_номенклатура_backup_20260815,,33,ИспользоватьИндивидуальныйШаб_1,text,f,
raw,catalog_номенклатура_backup_20260815,,34,ИспользоватьУпаковки,text,f,
raw,catalog_номенклатура_backup_20260815,,35,Качество,text,f,
raw,catalog_номенклатура_backup_20260815,,36,КодДляПоиска,text,f,
raw,catalog_номенклатура_backup_20260815,,37,Марка_Key,text,f,
raw,catalog_номенклатура_backup_20260815,,38,НаборУпаковок_Key,text,f,
raw,catalog_номенклатура_backup_20260815,,39,ГруппаФинансовогоУчета_Key,text,f,
raw,catalog_номенклатура_backup_20260815,,40,НоменклатураМногооборотнаяТар,text,f,
raw,catalog_номенклатура_backup_20260815,,41,ОбъемДАЛ,text,f,
raw,catalog_номенклатура_backup_20260815,,42,Описание,text,f,
raw,catalog_номенклатура_backup_20260815,,43,УдалитьПодакцизныйТовар,text,f,
raw,catalog_номенклатура_backup_20260815,,44,ПоставляетсяВМногооборотнойТа,text,f,
raw,catalog_номенклатура_backup_20260815,,45,Производитель_Key,text,f,
raw,catalog_номенклатура_backup_20260815,,46,ПроизводительИмпортерКонтраге,text,f,
raw,catalog_номенклатура_backup_20260815,,47,СкладскаяГруппа_Key,text,f,
raw,catalog_номенклатура_backup_20260815,,48,СрокГодности,text,f,
raw,catalog_номенклатура_backup_20260815,,49,СтавкаНДС_Key,text,f,
raw,catalog_номенклатура_backup_20260815,,50,ТипНоменклатуры,text,f,
raw,catalog_номенклатура_backup_20260815,,51,ТоварнаяКатегория_Key,text,f,
raw,catalog_номенклатура_backup_20260815,,52,ФайлКартинки_Key,text,f,
raw,catalog_номенклатура_backup_20260815,,53,ФайлОписанияДляСайта_Key,text,f,
raw,catalog_номенклатура_backup_20260815,,54,ОбъемЕдиницаИзмерения_Key,text,f,
raw,catalog_номенклатура_backup_20260815,,55,ОбъемЗнаменатель,text,f,
raw,catalog_номенклатура_backup_20260815,,56,ОбъемИспользовать,text,f,
raw,catalog_номенклатура_backup_20260815,,57,ОбъемМожноУказыватьВДокумента,text,f,
raw,catalog_номенклатура_backup_20260815,,58,ОбъемЧислитель,text,f,
raw,catalog_номенклатура_backup_20260815,,59,ХарактеристикаМногооборотнаяТ,text,f,
raw,catalog_номенклатура_backup_20260815,,60,ПлощадьЕдиницаИзмерения_Key,text,f,
raw,catalog_номенклатура_backup_20260815,,61,ПлощадьЗнаменатель,text,f,
raw,catalog_номенклатура_backup_20260815,,62,СхемаОбеспечения_Key,text,f,
raw,catalog_номенклатура_backup_20260815,,63,СпособОбеспеченияПотребностей_,text,f,
raw,catalog_номенклатура_backup_20260815,,64,ПлощадьИспользовать,text,f,
raw,catalog_номенклатура_backup_20260815,,65,ПлощадьМожноУказыватьВДокумен,text,f,
raw,catalog_номенклатура_backup_20260815,,66,ПлощадьЧислитель,text,f,
raw,catalog_номенклатура_backup_20260815,,67,ЦеноваяГруппа_Key,text,f,
raw,catalog_номенклатура_backup_20260815,,68,ШаблонЦенника_Key,text,f,
raw,catalog_номенклатура_backup_20260815,,69,ЕдиницаДляОтчетов_Key,text,f,
raw,catalog_номенклатура_backup_20260815,,70,КоэффициентЕдиницыДляОтчетов,text,f,
raw,catalog_номенклатура_backup_20260815,,71,ШаблонЭтикетки_Key,text,f,
raw,catalog_номенклатура_backup_20260815,,72,СезоннаяГруппа_Key,text,f,
raw,catalog_номенклатура_backup_20260815,,73,КоллекцияНоменклатуры_Key,text,f,
raw,catalog_номенклатура_backup_20260815,,74,Принципал,text,f,
raw,catalog_номенклатура_backup_20260815,,75,Принципал_Type,text,f,
raw,catalog_номенклатура_backup_20260815,,76,Контрагент,text,f,
raw,catalog_номенклатура_backup_20260815,,77,Контрагент_Type,text,f,
raw,catalog_номенклатура_backup_20260815,,78,РейтингПродаж_Key,text,f,
raw,catalog_номенклатура_backup_20260815,,79,ОбособленнаяЗакупкаПродажа,text,f,
raw,catalog_номенклатура_backup_20260815,,80,ГруппаАналитическогоУчета_Key,text,f,
raw,catalog_номенклатура_backup_20260815,,81,КодТНВЭД_Key,text,f,
raw,catalog_номенклатура_backup_20260815,,82,КодОКВЭД_Key,text,f,
raw,catalog_номенклатура_backup_20260815,,83,КодОКП_Key,text,f,
raw,catalog_номенклатура_backup_20260815,,84,ОблагаетсяНДПИПоПроцентнойСта,text,f,
raw,catalog_номенклатура_backup_20260815,,85,ВладелецСерий_Key,text,f,
raw,catalog_номенклатура_backup_20260815,,86,ВладелецХарактеристик_Key,text,f,
raw,catalog_номенклатура_backup_20260815,,87,ВладелецТоварныхКатегорий_Key,text,f,
raw,catalog_номенклатура_backup_20260815,,88,АпкКультура_Key,text,f,
raw,catalog_номенклатура_backup_20260815,,89,Крепость,text,f,
raw,catalog_номенклатура_backup_20260815,,90,ОсобенностьУчета,text,f,
raw,catalog_номенклатура_backup_20260815,,91,ПродукцияМаркируемаяДляГИСМ,text,f,
raw,catalog_номенклатура_backup_20260815,,92,КиЗГИСМ,text,f,
raw,catalog_номенклатура_backup_20260815,,93,КиЗГИСМВид,text,f,
raw,catalog_номенклатура_backup_20260815,,94,КиЗГИСМСпособВыпускаВОборот,text,f,
raw,catalog_номенклатура_backup_20260815,,95,КиЗГИСМGTIN,text,f,
raw,catalog_номенклатура_backup_20260815,,96,АпкСтатьяКалькуляции_Key,text,f,
raw,catalog_номенклатура_backup_20260815,,97,АпкВесовойКоэффициент,text,f,
raw,catalog_номенклатура_backup_20260815,,98,КиЗГИСМРазмер,text,f,
raw,catalog_номенклатура_backup_20260815,,99,ПодконтрольнаяПродукцияВЕТИС,text,f,
raw,catalog_номенклатура_backup_20260815,,100,АлкогольнаяПродукцияВоВскрыто,text,f,
raw,catalog_номенклатура_backup_20260815,,101,КодРаздел7ДекларацииНДС_Key,text,f,
raw,catalog_номенклатура_backup_20260815,,102,ОблагаетсяНДСУПокупателя,text,f,
raw,catalog_номенклатура_backup_20260815,,103,УдалитьКодОКВЭД2_Key,text,f,
raw,catalog_номенклатура_backup_20260815,,104,АпкКлассПродукции,text,f,
raw,catalog_номенклатура_backup_20260815,,105,КодОКПД2_Key,text,f,
raw,catalog_номенклатура_backup_20260815,,106,КодВидаНоменклатурнойКлассифи,text,f,
raw,catalog_номенклатура_backup_20260815,,107,АпкНазначение,text,f,
raw,catalog_номенклатура_backup_20260815,,108,АпкСодержаниеАзота,text,f,
raw,catalog_номенклатура_backup_20260815,,109,АпкСодержаниеФосфора,text,f,
raw,catalog_номенклатура_backup_20260815,,110,АпкСодержаниеКалия,text,f,
raw,catalog_номенклатура_backup_20260815,,111,АпкВидУдобрений,text,f,
raw,catalog_номенклатура_backup_20260815,,112,НаименованиеВидаНоменклатурно,text,f,
raw,catalog_номенклатура_backup_20260815,,113,ЕдиницаИзмеренияТНВЭД_Key,text,f,
raw,catalog_номенклатура_backup_20260815,,114,СтранаПроисхождения_Key,text,f,
raw,catalog_номенклатура_backup_20260815,,115,АпкГодУрожая,text,f,
raw,catalog_номенклатура_backup_20260815,,116,ПрослеживаемыйТовар,text,f,
raw,catalog_номенклатура_backup_20260815,,117,ПереноситьРНПТМатериала,text,f,
raw,catalog_номенклатура_backup_20260815,,118,АпкТипСтоимости,text,f,
raw,catalog_номенклатура_backup_20260815,,119,АпкРепродукцияСемян,text,f,
raw,catalog_номенклатура_backup_20260815,,120,КодТРУ,text,f,
raw,catalog_номенклатура_backup_20260815,,121,КодПоКВПД,text,f,
raw,catalog_номенклатура_backup_20260815,,122,КодОКВЭД2,text,f,
raw,catalog_номенклатура_backup_20260815,,123,ПродаетсяПоРазрешению,text,f,
raw,catalog_номенклатура_backup_20260815,,124,Операции0_Key,text,f,
raw,catalog_номенклатура_backup_20260815,,125,КонтролироватьКачествоПоступи,text,f,
raw,catalog_номенклатура_backup_20260815,,126,СрокКонтроляКачества,text,f,
raw,catalog_номенклатура_backup_20260815,,127,НаименованиеЯзык1,text,f,
raw,catalog_номенклатура_backup_20260815,,128,НаименованиеЯзык2,text,f,
raw,catalog_номенклатура_backup_20260815,,129,ДополнительныеРеквизиты,text,f,
raw,catalog_номенклатура_backup_20260815,,130,ДрагоценныеМатериалы,text,f,
raw,catalog_номенклатура_backup_20260815,,131,Представления,text,f,
raw,catalog_номенклатура_backup_20260815,,132,Predefined,text,f,
raw,catalog_номенклатура_backup_20260815,,133,PredefinedDataName,text,f,
raw,catalog_подразделенияорганизаций,,1,Ref_Key,text,f,
raw,catalog_подразделенияорганизаций,,2,DataVersion,text,f,
raw,catalog_подразделенияорганизаций,,3,DeletionMark,text,f,
raw,catalog_подразделенияорганизаций,,4,Owner_Key,text,f,
raw,catalog_подразделенияорганизаций,,5,Parent_Key,text,f,
raw,catalog_подразделенияорганизаций,,6,Code,text,f,
raw,catalog_подразделенияорганизаций,,7,Description,text,f,
raw,catalog_подразделенияорганизаций,,8,РеквизитДопУпорядочивания,text,f,
raw,catalog_подразделенияорганизаций,,9,РайонныйКоэффициент,text,f,
raw,catalog_подразделенияорганизаций,,10,ОбособленноеПодразделение,text,f,
raw,catalog_подразделенияорганизаций,,11,ГоловнаяОрганизация_Key,text,f,
raw,catalog_подразделенияорганизаций,,12,Сформировано,text,f,
raw,catalog_подразделенияорганизаций,,13,ДатаСоздания,text,f,
raw,catalog_подразделенияорганизаций,,14,Расформировано,text,f,
raw,catalog_подразделенияорганизаций,,15,ДатаРасформирования,text,f,
raw,catalog_подразделенияорганизаций,,16,РегистрацияВНалоговомОргане_Key,text,f,
raw,catalog_подразделенияорганизаций,,17,УдалитьСоответствуетСудамЗаре,text,f,
raw,catalog_подразделенияорганизаций,,18,РеквизитДопУпорядочиванияИера,text,f,
raw,catalog_подразделенияорганизаций,,19,ПрименяемыйЛьготныйТерриториа,text,f,
raw,catalog_подразделенияорганизаций,,20,ГрафикРаботыСотрудников_Key,text,f,
raw,catalog_подразделенияорганизаций,,21,КодОКВЭД,text,f,
raw,catalog_подразделенияорганизаций,,22,НаименованиеОКВЭД,text,f,
raw,catalog_подразделенияорганизаций,,23,ИмеетНомерТерриториальногоОрг,text,f,
raw,catalog_подразделенияорганизаций,,24,НомерТерриториальногоОрганаРо,text,f,
raw,catalog_подразделенияорганизаций,,25,ПроцентСевернойНадбавки,text,f,
raw,catalog_подразделенияорганизаций,,26,КодОрганаФСГС,text,f,
raw,catalog_подразделенияорганизаций,,27,КодОКВЭД2,text,f,
raw,catalog_подразделенияорганизаций,,28,НаименованиеОКВЭД2,text,f,
raw,catalog_подразделенияорганизаций,,29,РайонныйКоэффициентРФ,text,f,
raw,catalog_подразделенияорганизаций,,30,СамостоятельнаяКлассификацион,text,f,
raw,catalog_подразделенияорганизаций,,31,НаименованиеДляЗаписейОТрудов,text,f,
raw,catalog_подразделенияорганизаций,,32,ДополнительныеРеквизиты,text,f,
raw,catalog_подразделенияорганизаций,,33,ЗависимыеСтажи,text,f,
raw,catalog_подразделенияорганизаций,,34,Predefined,text,f,
raw,catalog_подразделенияорганизаций,,35,PredefinedDataName,text,f,
raw,catalog_подразделенияорганизаций,,36,Owner@navigationLinkUrl,text,f,
raw,catalog_подразделенияорганизаций,,37,ГоловнаяОрганизация@navigationLinkUrl,text,f,
raw,catalog_подразделенияорганизаций,,38,РегистрацияВНалоговомОргане@navi,text,f,
raw,catalog_склады,,1,Ref_Key,text,f,
raw,catalog_склады,,2,DataVersion,text,f,
raw,catalog_склады,,3,DeletionMark,text,f,
raw,catalog_склады,,4,Parent_Key,text,f,
raw,catalog_склады,,5,IsFolder,text,f,
raw,catalog_склады,,6,Description,text,f,
raw,catalog_склады,,7,ВыборГруппы,text,f,
raw,catalog_склады,,8,ИспользоватьАдресноеХранение,text,f,
raw,catalog_склады,,9,ИспользоватьАдресноеХранениеС,text,f,
raw,catalog_склады,,10,ИспользоватьОрдернуюСхемуПриО,text,f,
raw,catalog_склады,,11,ИспользоватьОрдернуюСхемуПриО_1,text,f,
raw,catalog_склады,,12,ИспользоватьОрдернуюСхемуПриП,text,f,
raw,catalog_склады,,13,ИспользоватьСерииНоменклатуры,text,f,
raw,catalog_склады,,14,ИспользоватьСкладскиеПомещени,text,f,
raw,catalog_склады,,15,Календарь_Key,text,f,
raw,catalog_склады,,16,КонтролироватьОперативныеОста,text,f,
raw,catalog_склады,,17,НастройкаАдресногоХранения,text,f,
raw,catalog_склады,,18,Подразделение_Key,text,f,
raw,catalog_склады,,19,БизнесРегион_Key,text,f,
raw,catalog_склады,,20,РозничныйВидЦены_Key,text,f,
raw,catalog_склады,,21,ТекущаяДолжностьОтветственног,text,f,
raw,catalog_склады,,22,ТекущийОтветственный_Key,text,f,
raw,catalog_склады,,23,ТипСклада,text,f,
raw,catalog_склады,,24,УровеньОбслуживания,text,f,
raw,catalog_склады,,25,УчетныйВидЦены_Key,text,f,
raw,catalog_склады,,26,НачинатьОтгрузкуПослеФормиров,text,f,
raw,catalog_склады,,27,ИспользованиеРабочихУчастков,text,f,
raw,catalog_склады,,28,ИсточникИнформацииОЦенахДляПе,text,f,
raw,catalog_склады,,29,ИспользоватьСтатусыРасходныхО,text,f,
raw,catalog_склады,,30,ИспользоватьСтатусыПриходныхО,text,f,
raw,catalog_склады,,31,ИспользоватьСтатусыПересчетов,text,f,
raw,catalog_склады,,32,ДатаНачалаОрдернойСхемыПриОтг,text,f,
raw,catalog_склады,,33,ДатаНачалаОрдернойСхемыПриПос,text,f,
raw,catalog_склады,,34,ДатаНачалаОрдернойСхемыПриОтр,text,f,
raw,catalog_склады,,35,ДатаНачалаИспользованияСкладс,text,f,
raw,catalog_склады,,36,ДатаНачалаАдресногоХраненияОс,text,f,
raw,catalog_склады,,37,АпкНастройкаСклада,text,f,
raw,catalog_склады,,38,УчитыватьСебестоимостьПоСерия,text,f,
raw,catalog_склады,,39,КонтролироватьСвободныеОстатк,text,f,
raw,catalog_склады,,40,СкладОтветственногоХранения,text,f,
raw,catalog_склады,,41,ВидПоклажедержателя,text,f,
raw,catalog_склады,,42,Поклажедержатель,text,f,
raw,catalog_склады,,43,Поклажедержатель_Type,text,f,
raw,catalog_склады,,44,СрокОтветственногоХранения,text,f,
raw,catalog_склады,,45,ОтветственноеХранениеДоВостре,text,f,
raw,catalog_склады,,46,ОсобыеОтметки,text,f,
raw,catalog_склады,,47,УсловияХраненияТоваров,text,f,
raw,catalog_склады,,48,АпкТранспортноеСредство_Key,text,f,
raw,catalog_склады,,49,ЦеховаяКладовая,text,f,
raw,catalog_склады,,50,ВМагазинеПоддерживаетсяСборка,text,f,
raw,catalog_склады,,51,ВМагазинеПоддерживаетсяДостав,text,f,
raw,catalog_склады,,52,СпособСозданияРеализацииПриСб,text,f,
raw,catalog_склады,,53,СпособФискализацииПриДоставке,text,f,
raw,catalog_склады,,54,СборкаИДоставкаВыполняетсяОдн,text,f,
raw,catalog_склады,,55,КурьерыМогутНазначатьСебеЗака,text,f,
raw,catalog_склады,,56,СборщикиМогутНазначатьСебеЗак,text,f,
raw,catalog_склады,,57,НормативныйСрокДоставкиЗаказо,text,f,
raw,catalog_склады,,58,КурьерыИспользуютЭквайринговы,text,f,
raw,catalog_склады,,59,КурьерыИспользуютАвтономныеКК,text,f,
raw,catalog_склады,,60,ДатаНачалаСборкиЗаказов,text,f,
raw,catalog_склады,,61,ДатаНачалаДоставкиСвоимиКурье,text,f,
raw,catalog_склады,,62,ГруппировкаТоваров,text,f,
raw,catalog_склады,,63,ИндивидуальныйВидЦены_Key,text,f,
raw,catalog_склады,,64,КонтролироватьКачествоПоступи,text,f,
raw,catalog_склады,,65,НаименованиеЯзык1,text,f,
raw,catalog_склады,,66,НаименованиеЯзык2,text,f,
raw,catalog_склады,,67,КонтактнаяИнформация,text,f,
raw,catalog_склады,,68,ДополнительныеРеквизиты,text,f,
raw,catalog_склады,,69,Predefined,text,f,
raw,catalog_склады,,70,PredefinedDataName,text,f,
raw,gs_downtime,,1,id,integer,t,
raw,gs_downtime,,2,downtime_date,date,f,
raw,gs_downtime,,3,equipment_id,text,f,
raw,gs_downtime,,4,reason,text,f,
raw,gs_downtime,,5,duration_hours,"numeric(8,2)",f,
raw,gs_downtime,,6,_loaded_at,timestamp with time zone,f,
raw,gs_production_shift,,1,id,integer,t,
raw,gs_production_shift,,2,shift_date,date,f,
raw,gs_production_shift,,3,field_id,text,f,
raw,gs_production_shift,,4,crop_id,text,f,
raw,gs_production_shift,,5,equipment_id,text,f,
raw,gs_production_shift,,6,employee_id,text,f,
raw,gs_production_shift,,7,operation,text,f,
raw,gs_production_shift,,8,area_ha,"numeric(12,4)",f,
raw,gs_production_shift,,9,_loaded_at,timestamp with time zone,f,
raw,r1c_agro_writeoff_lines_2026,,1,document_ref_key,text,t,
raw,r1c_agro_writeoff_lines_2026,,2,document_number,text,f,
raw,r1c_agro_writeoff_lines_2026,,3,document_date,timestamp without time zone,f,
raw,r1c_agro_writeoff_lines_2026,,4,posted,boolean,f,
raw,r1c_agro_writeoff_lines_2026,,5,organization_key,text,f,
raw,r1c_agro_writeoff_lines_2026,,6,operation,text,f,
raw,r1c_agro_writeoff_lines_2026,,7,apk_document_type,text,f,
raw,r1c_agro_writeoff_lines_2026,,8,apk_work_type_key,text,f,
raw,r1c_agro_writeoff_lines_2026,,9,apk_cost_object_key,text,f,
raw,r1c_agro_writeoff_lines_2026,,10,sender,text,f,
raw,r1c_agro_writeoff_lines_2026,,11,sender_type,text,f,
raw,r1c_agro_writeoff_lines_2026,,12,receiver,text,f,
raw,r1c_agro_writeoff_lines_2026,,13,receiver_type,text,f,
raw,r1c_agro_writeoff_lines_2026,,14,line_number,integer,t,
raw,r1c_agro_writeoff_lines_2026,,15,nomenklatura_key,text,f,
raw,r1c_agro_writeoff_lines_2026,,16,characteristic_key,text,f,
raw,r1c_agro_writeoff_lines_2026,,17,series_key,text,f,
raw,r1c_agro_writeoff_lines_2026,,18,uom_key,text,f,
raw,r1c_agro_writeoff_lines_2026,,19,quantity,numeric,f,
raw,r1c_agro_writeoff_lines_2026,,20,price_document,numeric,f,
raw,r1c_agro_writeoff_lines_2026,,21,amount_document,numeric,f,
raw,r1c_agro_writeoff_lines_2026,,22,processed_area_ha,numeric,f,
raw,r1c_agro_writeoff_lines_2026,,23,application_rate_per_ha,numeric,f,
raw,r1c_agro_writeoff_lines_2026,,24,nomenclature_analytics_key,text,f,
raw,r1c_agro_writeoff_lines_2026,,25,product_group_key,text,f,
raw,r1c_agro_writeoff_lines_2026,,26,item_line_guid,text,f,
raw,r1c_agro_writeoff_lines_2026,,27,loaded_at,timestamp with time zone,t,
raw,r1c_cashflow_items,,1,_id,text,t,
raw,r1c_cashflow_items,,2,_deletionmark,boolean,f,
raw,r1c_cashflow_items,,3,description,text,f,
raw,r1c_cashflow_items,,4,parent_id,text,f,
raw,r1c_cashflow_items,,5,cashflow_kind,text,f,
raw,r1c_cashflow_items,,6,_loaded_at,timestamp with time zone,f,
raw,r1c_company_structure,,1,_id,text,t,
raw,r1c_company_structure,,2,_deletionmark,boolean,f,
raw,r1c_company_structure,,3,description,text,f,
raw,r1c_company_structure,,4,parent_id,text,f,
raw,r1c_company_structure,,5,inn,text,f,
raw,r1c_company_structure,,6,node_type,text,f,
raw,r1c_company_structure,,7,_loaded_at,timestamp with time zone,f,
raw,r1c_contractors,,1,_id,uuid,t,
raw,r1c_contractors,,2,_deletionmark,boolean,f,
raw,r1c_contractors,,3,description,text,f,
raw,r1c_contractors,,4,inn,text,f,
raw,r1c_contractors,,5,kpp,text,f,
raw,r1c_contractors,,6,legal_or_individual,text,f,
raw,r1c_contractors,,7,_loaded_at,timestamp without time zone,t,
raw,r1c_counterparties,,1,Ref_Key,text,f,
raw,r1c_counterparties,,2,DataVersion,text,f,
raw,r1c_counterparties,,3,DeletionMark,text,f,
raw,r1c_counterparties,,4,Description,text,f,
raw,r1c_counterparties,,5,НаименованиеПолное,text,f,
raw,r1c_counterparties,,6,ОбособленноеПодразделение,text,f,
raw,r1c_counterparties,,7,ЮридическоеФизическоеЛицо,text,f,
raw,r1c_counterparties,,8,СтранаРегистрации_Key,text,f,
raw,r1c_counterparties,,9,ГоловнойКонтрагент_Key,text,f,
raw,r1c_counterparties,,10,ИНН,text,f,
raw,r1c_counterparties,,11,КПП,text,f,
raw,r1c_counterparties,,12,ДополнительнаяИнформация,text,f,
raw,r1c_counterparties,,13,Партнер_Key,text,f,
raw,r1c_counterparties,,14,ЮрФизЛицо,text,f,
raw,r1c_counterparties,,15,УдалитьНДСПоСтавкам4и2,text,f,
raw,r1c_counterparties,,16,КодПоОКПО,text,f,
raw,r1c_counterparties,,17,РегистрационныйНомер,text,f,
raw,r1c_counterparties,,18,НалоговыйНомер,text,f,
raw,r1c_counterparties,,19,НаименованиеМеждународное,text,f,
raw,r1c_counterparties,,20,НаименованиеВТранскрипции,text,f,
raw,r1c_counterparties,,21,НаименованиеЯзык1,text,f,
raw,r1c_counterparties,,22,НаименованиеЯзык2,text,f,
raw,r1c_counterparties,,23,КонтактнаяИнформация,text,f,
raw,r1c_counterparties,,24,ДополнительныеРеквизиты,text,f,
raw,r1c_counterparties,,25,ИсторияКПП,text,f,
raw,r1c_counterparties,,26,ИсторияНаименований,text,f,
raw,r1c_counterparties,,27,Predefined,text,f,
raw,r1c_counterparties,,28,PredefinedDataName,text,f,
raw,r1c_counterparties,,29,ГоловнойКонтрагент@navigationLinkUrl,text,f,
raw,r1c_counterparties,,30,Партнер@navigationLinkUrl,text,f,
raw,r1c_crop_rotations,,1,_id,text,t,
raw,r1c_crop_rotations,,2,_deletionmark,boolean,f,
raw,r1c_crop_rotations,,3,description,text,f,
raw,r1c_crop_rotations,,4,_loaded_at,timestamp with time zone,f,
raw,r1c_crops,,1,_id,text,t,
raw,r1c_crops,,2,_deletionmark,boolean,f,
raw,r1c_crops,,3,description,text,f,
raw,r1c_crops,,4,parent_id,text,f,
raw,r1c_crops,,5,crop_kind,text,f,
raw,r1c_crops,,6,_loaded_at,timestamp with time zone,f,
raw,r1c_currency,,1,Ref_Key,text,f,
raw,r1c_currency,,2,DataVersion,text,f,
raw,r1c_currency,,3,DeletionMark,text,f,
raw,r1c_currency,,4,Code,text,f,
raw,r1c_currency,,5,Description,text,f,
raw,r1c_currency,,6,ЗагружаетсяИзИнтернета,text,f,
raw,r1c_currency,,7,НаименованиеПолное,text,f,
raw,r1c_currency,,8,Наценка,text,f,
raw,r1c_currency,,9,ОсновнаяВалюта_Key,text,f,
raw,r1c_currency,,10,ПараметрыПрописи,text,f,
raw,r1c_currency,,11,ФормулаРасчетаКурса,text,f,
raw,r1c_currency,,12,СпособУстановкиКурса,text,f,
raw,r1c_currency,,13,Представления,text,f,
raw,r1c_currency,,14,Predefined,text,f,
raw,r1c_currency,,15,PredefinedDataName,text,f,
raw,r1c_dvizhenie_produkcii,,1,_id,text,t,
raw,r1c_dvizhenie_produkcii,,2,_deletionmark,boolean,f,
raw,r1c_dvizhenie_produkcii,,3,_posted,boolean,f,
raw,r1c_dvizhenie_produkcii,,4,doc_number,text,f,
raw,r1c_dvizhenie_produkcii,,5,doc_date,timestamp with time zone,f,
raw,r1c_dvizhenie_produkcii,,6,operaciya,text,f,
raw,r1c_dvizhenie_produkcii,,7,sklad_id,text,f,
raw,r1c_dvizhenie_produkcii,,8,kontragent_id,text,f,
raw,r1c_dvizhenie_produkcii,,9,kommentariy,text,f,
raw,r1c_dvizhenie_produkcii,,10,_loaded_at,timestamp with time zone,f,
raw,r1c_dvizhenie_produkcii,,11,sender_id,text,f,
raw,r1c_dvizhenie_produkcii,,12,recipient_id,text,f,
raw,r1c_dvizhenie_produkcii,,13,cost_object_id,text,f,
raw,r1c_dvizhenie_produkcii,,14,work_type_id,text,f,
raw,r1c_dvizhenie_produkcii_lines,,1,_id,text,t,
raw,r1c_dvizhenie_produkcii_lines,,2,doc_id,text,t,
raw,r1c_dvizhenie_produkcii_lines,,3,line_number,integer,f,
raw,r1c_dvizhenie_produkcii_lines,,4,pole_id,text,f,
raw,r1c_dvizhenie_produkcii_lines,,5,nomenklatura_id,text,f,
raw,r1c_dvizhenie_produkcii_lines,,6,edinica_id,text,f,
raw,r1c_dvizhenie_produkcii_lines,,7,kolichestvo,"numeric(18,3)",f,
raw,r1c_dvizhenie_produkcii_lines,,8,summa,"numeric(18,2)",f,
raw,r1c_dvizhenie_produkcii_lines,,9,seriya,text,f,
raw,r1c_dvizhenie_produkcii_lines,,10,_loaded_at,timestamp with time zone,f,
raw,r1c_employees,,1,_id,text,t,
raw,r1c_employees,,2,_deletionmark,boolean,f,
raw,r1c_employees,,3,description,text,f,
raw,r1c_employees,,4,individual_id,text,f,
raw,r1c_employees,,5,position_id,text,f,
raw,r1c_employees,,6,department_id,text,f,
raw,r1c_employees,,7,_loaded_at,timestamp with time zone,f,
raw,r1c_equipment,,1,_id,text,t,
raw,r1c_equipment,,2,_deletionmark,boolean,f,
raw,r1c_equipment,,3,description,text,f,
raw,r1c_equipment,,4,model_id,text,f,
raw,r1c_equipment,,5,reg_number,text,f,
raw,r1c_equipment,,6,equipment_type,text,f,
raw,r1c_equipment,,7,_loaded_at,timestamp with time zone,f,
raw,r1c_equipment_models,,1,_id,text,t,
raw,r1c_equipment_models,,2,_deletionmark,boolean,f,
raw,r1c_equipment_models,,3,description,text,f,
raw,r1c_equipment_models,,4,manufacturer,text,f,
raw,r1c_equipment_models,,5,equipment_class,text,f,
raw,r1c_equipment_models,,6,_loaded_at,timestamp with time zone,f,
raw,r1c_equipment_repair,,1,_id,uuid,t,
raw,r1c_equipment_repair,,2,_deletionmark,boolean,f,
raw,r1c_equipment_repair,,3,_posted,boolean,f,
raw,r1c_equipment_repair,,4,status,text,f,
raw,r1c_equipment_repair,,5,tehnika_id,uuid,f,
raw,r1c_equipment_repair,,6,obekt_ekspluatacii_id,uuid,f,
raw,r1c_equipment_repair,,7,data_nachala_fact,date,f,
raw,r1c_equipment_repair,,8,data_zaversheniya_fact,date,f,
raw,r1c_equipment_repair,,9,zakaz_na_remont_id,uuid,f,
raw,r1c_equipment_repair,,10,_loaded_at,timestamp with time zone,f,
raw,r1c_equipment_repair_details,,1,doc_id,uuid,t,
raw,r1c_equipment_repair_details,,2,line_number,integer,t,
raw,r1c_equipment_repair_details,,3,uzel_id,uuid,f,
raw,r1c_equipment_repair_details,,4,vid_remonta_id,uuid,f,
raw,r1c_equipment_repair_details,,5,opisanie_remonta,text,f,
raw,r1c_equipment_repair_details,,6,prichina_remonta,text,f,
raw,r1c_equipment_repair_details,,7,_loaded_at,timestamp with time zone,f,
raw,r1c_equipment_repair_works,,1,doc_id,uuid,t,
raw,r1c_equipment_repair_works,,2,line_number,integer,t,
raw,r1c_equipment_repair_works,,3,vid_raboty_id,uuid,f,
raw,r1c_equipment_repair_works,,4,kolichestvo,"numeric(12,3)",f,
raw,r1c_equipment_repair_works,,5,rascenka,"numeric(14,2)",f,
raw,r1c_equipment_repair_works,,6,chasov,"numeric(10,3)",f,
raw,r1c_equipment_repair_works,,7,chasov_po_norme,"numeric(10,3)",f,
raw,r1c_equipment_repair_works,,8,osnovnaya_zp,"numeric(14,2)",f,
raw,r1c_equipment_repair_works,,9,dopolnitelnaya_zp,"numeric(14,2)",f,
raw,r1c_equipment_repair_works,,10,itogo_zp,"numeric(14,2)",f,
raw,r1c_equipment_repair_works,,11,ispolnitel_id,uuid,f,
raw,r1c_equipment_repair_works,,12,_loaded_at,timestamp with time zone,f,
raw,r1c_expense_items,,1,_id,text,t,
raw,r1c_expense_items,,2,_deletionmark,boolean,f,
raw,r1c_expense_items,,3,description,text,f,
raw,r1c_expense_items,,4,parent_id,text,f,
raw,r1c_expense_items,,5,expense_kind,text,f,
raw,r1c_expense_items,,6,_loaded_at,timestamp with time zone,f,
raw,r1c_farms,,1,_id,text,t,
raw,r1c_farms,,2,_deletionmark,boolean,f,
raw,r1c_farms,,3,description,text,f,
raw,r1c_farms,,4,parent_id,text,f,
raw,r1c_farms,,5,address,text,f,
raw,r1c_farms,,6,_loaded_at,timestamp with time zone,f,
raw,r1c_field_material_fact_reg,,1,period,date,f,
raw,r1c_field_material_fact_reg,,2,organizaciya_id,uuid,f,
raw,r1c_field_material_fact_reg,,3,vid_raboty_id,uuid,f,
raw,r1c_field_material_fact_reg,,4,nomenklatura_id,uuid,f,
raw,r1c_field_material_fact_reg,,5,obekt_zatrat_id,uuid,f,
raw,r1c_field_material_fact_reg,,6,sklad_id,uuid,f,
raw,r1c_field_material_fact_reg,,7,raskhod_na_ga,"numeric(12,4)",f,
raw,r1c_field_material_fact_reg,,8,kolichestvo,"numeric(14,3)",f,
raw,r1c_field_material_fact_reg,,9,ploshchad_obrabotannaya,"numeric(12,3)",f,
raw,r1c_field_material_fact_reg,,10,recorder_doc_id,uuid,f,
raw,r1c_field_material_fact_reg,,11,_loaded_at,timestamp with time zone,f,
raw,r1c_field_material_writeoff_doc,,1,_id,uuid,t,
raw,r1c_field_material_writeoff_doc,,2,_deletionmark,boolean,f,
raw,r1c_field_material_writeoff_doc,,3,_posted,boolean,f,
raw,r1c_field_material_writeoff_doc,,4,doc_number,text,f,
raw,r1c_field_material_writeoff_doc,,5,doc_date,timestamp with time zone,f,
raw,r1c_field_material_writeoff_doc,,6,apk_vid_dokumenta,text,f,
raw,r1c_field_material_writeoff_doc,,7,hozyaystvennaya_operaciya,text,f,
raw,r1c_field_material_writeoff_doc,,8,organizaciya_id,uuid,f,
raw,r1c_field_material_writeoff_doc,,9,otpravitel_sklad_id,uuid,f,
raw,r1c_field_material_writeoff_doc,,10,poluchatel_sklad_id,uuid,f,
raw,r1c_field_material_writeoff_doc,,11,apk_vid_raboty_id,uuid,f,
raw,r1c_field_material_writeoff_doc,,12,apk_obekt_zatrat_id,uuid,f,
raw,r1c_field_material_writeoff_doc,,13,_loaded_at,timestamp with time zone,f,
raw,r1c_field_material_writeoff_lines,,1,doc_id,uuid,t,
raw,r1c_field_material_writeoff_lines,,2,line_number,integer,t,
raw,r1c_field_material_writeoff_lines,,3,nomenklatura_id,uuid,f,
raw,r1c_field_material_writeoff_lines,,4,harakteristika_id,uuid,f,
raw,r1c_field_material_writeoff_lines,,5,seriya_id,uuid,f,
raw,r1c_field_material_writeoff_lines,,6,kolichestvo,"numeric(14,3)",f,
raw,r1c_field_material_writeoff_lines,,7,kolichestvo_upakovok,"numeric(12,3)",f,
raw,r1c_field_material_writeoff_lines,,8,apk_ploshchad_obrabotannaya,"numeric(12,3)",f,
raw,r1c_field_material_writeoff_lines,,9,apk_raskhod_na_ga,"numeric(12,4)",f,
raw,r1c_field_material_writeoff_lines,,10,gruppa_produkcii_id,uuid,f,
raw,r1c_field_material_writeoff_lines,,11,cena,"numeric(14,2)",f,
raw,r1c_field_material_writeoff_lines,,12,summa,"numeric(14,2)",f,
raw,r1c_field_material_writeoff_lines,,13,_loaded_at,timestamp with time zone,f,
raw,r1c_field_writeoff_doc,,1,_id,text,t,
raw,r1c_field_writeoff_doc,,2,_deletionmark,boolean,f,
raw,r1c_field_writeoff_doc,,3,_posted,boolean,f,
raw,r1c_field_writeoff_doc,,4,doc_number,text,f,
raw,r1c_field_writeoff_doc,,5,doc_date,date,f,
raw,r1c_field_writeoff_doc,,6,field_id,text,f,
raw,r1c_field_writeoff_doc,,7,expense_item_id,text,f,
raw,r1c_field_writeoff_doc,,8,_loaded_at,timestamp with time zone,f,
raw,r1c_field_writeoff_doc,,9,otpravitel_text,text,f,
raw,r1c_field_writeoff_doc,,10,poluchatel_text,text,f,
raw,r1c_field_writeoff_doc,,11,operaciya,text,f,
raw,r1c_field_writeoff_doc,,12,otvetstvennyi_id,uuid,f,
raw,r1c_field_writeoff_lines,,1,_id,text,t,
raw,r1c_field_writeoff_lines,,2,doc_id,text,f,
raw,r1c_field_writeoff_lines,,3,line_number,integer,f,
raw,r1c_field_writeoff_lines,,4,nomenclature_id,text,f,
raw,r1c_field_writeoff_lines,,5,quantity,"numeric(18,3)",f,
raw,r1c_field_writeoff_lines,,6,amount,"numeric(18,2)",f,
raw,r1c_field_writeoff_lines,,7,uom_id,text,f,
raw,r1c_field_writeoff_lines,,8,_loaded_at,timestamp with time zone,f,
raw,r1c_field_writeoff_lines,,9,nomenklatura_id,uuid,f,
raw,r1c_field_writeoff_lines,,10,kolichestvo,"numeric(18,3)",f,
raw,r1c_field_writeoff_lines,,11,edinica_id,uuid,f,
raw,r1c_fields,,1,_id,text,t,
raw,r1c_fields,,2,_deletionmark,boolean,f,
raw,r1c_fields,,3,description,text,f,
raw,r1c_fields,,4,parent_id,text,f,
raw,r1c_fields,,5,area_ha,"numeric(12,4)",f,
raw,r1c_fields,,6,farm_id,text,f,
raw,r1c_fields,,7,_loaded_at,timestamp with time zone,f,
raw,r1c_fuel_cards,,1,_id,text,t,
raw,r1c_fuel_cards,,2,_deletionmark,boolean,f,
raw,r1c_fuel_cards,,3,description,text,f,
raw,r1c_fuel_cards,,4,card_number,text,f,
raw,r1c_fuel_cards,,5,owner_id,text,f,
raw,r1c_fuel_cards,,6,_loaded_at,timestamp with time zone,f,
raw,r1c_fuel_summary_writeoff,,1,_id,uuid,t,
raw,r1c_fuel_summary_writeoff,,2,_deletionmark,boolean,f,
raw,r1c_fuel_summary_writeoff,,3,doc_number,text,f,
raw,r1c_fuel_summary_writeoff,,4,doc_date,timestamp without time zone,f,
raw,r1c_fuel_summary_writeoff,,5,period_start,date,f,
raw,r1c_fuel_summary_writeoff,,6,period_end,date,f,
raw,r1c_fuel_summary_writeoff,,7,organization_id,uuid,f,
raw,r1c_fuel_summary_writeoff,,8,department_id,uuid,f,
raw,r1c_fuel_summary_writeoff,,9,_loaded_at,timestamp without time zone,f,
raw,r1c_fuel_summary_writeoff_lines,,1,doc_id,uuid,t,
raw,r1c_fuel_summary_writeoff_lines,,2,line_number,integer,t,
raw,r1c_fuel_summary_writeoff_lines,,3,equipment_id,uuid,f,
raw,r1c_fuel_summary_writeoff_lines,,4,fuel_brand,text,f,
raw,r1c_fuel_summary_writeoff_lines,,5,nachalny_ostatok_l,"numeric(18,3)",f,
raw,r1c_fuel_summary_writeoff_lines,,6,zapravleno_l,"numeric(18,3)",f,
raw,r1c_fuel_summary_writeoff_lines,,7,fakticheskiy_rashod_l,"numeric(18,3)",f,
raw,r1c_fuel_summary_writeoff_lines,,8,konechny_ostatok_l,"numeric(18,3)",f,
raw,r1c_fuel_summary_writeoff_lines,,9,_loaded_at,timestamp without time zone,f,
raw,r1c_fuel_writeoff_summary,,1,_id,uuid,t,
raw,r1c_fuel_writeoff_summary,,2,_deletionmark,boolean,f,
raw,r1c_fuel_writeoff_summary,,3,_posted,boolean,f,
raw,r1c_fuel_writeoff_summary,,4,doc_number,text,f,
raw,r1c_fuel_writeoff_summary,,5,doc_date,timestamp with time zone,f,
raw,r1c_fuel_writeoff_summary,,6,period_start,date,f,
raw,r1c_fuel_writeoff_summary,,7,period_end,date,f,
raw,r1c_fuel_writeoff_summary,,8,organizaciya_id,uuid,f,
raw,r1c_fuel_writeoff_summary,,9,podrazdelenie_id,uuid,f,
raw,r1c_fuel_writeoff_summary,,10,_loaded_at,timestamp with time zone,f,
raw,r1c_fuel_writeoff_summary_gsm,,1,doc_id,uuid,t,
raw,r1c_fuel_writeoff_summary_gsm,,2,line_number,integer,t,
raw,r1c_fuel_writeoff_summary_gsm,,3,tehnika_id,uuid,f,
raw,r1c_fuel_writeoff_summary_gsm,,4,marka_topliva_id,uuid,f,
raw,r1c_fuel_writeoff_summary_gsm,,5,nachalny_ostatok,"numeric(12,3)",f,
raw,r1c_fuel_writeoff_summary_gsm,,6,konechny_ostatok,"numeric(12,3)",f,
raw,r1c_fuel_writeoff_summary_gsm,,7,zapravleno,"numeric(12,3)",f,
raw,r1c_fuel_writeoff_summary_gsm,,8,fakticheskiy_raskhod,"numeric(12,3)",f,
raw,r1c_fuel_writeoff_summary_gsm,,9,_loaded_at,timestamp with time zone,f,
raw,r1c_harvest_doc,,1,_id,text,t,
raw,r1c_harvest_doc,,2,_deletionmark,boolean,f,
raw,r1c_harvest_doc,,3,_posted,boolean,f,
raw,r1c_harvest_doc,,4,doc_number,text,f,
raw,r1c_harvest_doc,,5,doc_date,date,f,
raw,r1c_harvest_doc,,6,field_id,text,f,
raw,r1c_harvest_doc,,7,crop_id,text,f,
raw,r1c_harvest_doc,,8,_loaded_at,timestamp with time zone,f,
raw,r1c_harvest_lines,,1,_id,text,t,
raw,r1c_harvest_lines,,2,doc_id,text,f,
raw,r1c_harvest_lines,,3,line_number,integer,f,
raw,r1c_harvest_lines,,4,nomenclature_id,text,f,
raw,r1c_harvest_lines,,5,quantity,"numeric(18,3)",f,
raw,r1c_harvest_lines,,6,uom_id,text,f,
raw,r1c_harvest_lines,,7,_loaded_at,timestamp with time zone,f,
raw,r1c_item_cost_report_stage,,1,col1,text,f,
raw,r1c_item_cost_report_stage,,2,col2,text,f,
raw,r1c_item_cost_report_stage,,3,name_raw,text,f,
raw,r1c_item_cost_report_stage,,4,col4,text,f,
raw,r1c_item_cost_report_stage,,5,col5,text,f,
raw,r1c_item_cost_report_stage,,6,uom,text,f,
raw,r1c_item_cost_report_stage,,7,begin_qty,text,f,
raw,r1c_item_cost_report_stage,,8,col8,text,f,
raw,r1c_item_cost_report_stage,,9,begin_cost,text,f,
raw,r1c_item_cost_report_stage,,10,col10,text,f,
raw,r1c_item_cost_report_stage,,11,in_qty,text,f,
raw,r1c_item_cost_report_stage,,12,in_cost,text,f,
raw,r1c_item_cost_report_stage,,13,out_qty,text,f,
raw,r1c_item_cost_report_stage,,14,out_cost,text,f,
raw,r1c_item_cost_report_stage,,15,end_qty,text,f,
raw,r1c_item_cost_report_stage,,16,end_cost,text,f,
raw,r1c_nomen_characteristics,,1,_id,text,t,
raw,r1c_nomen_characteristics,,2,_deletionmark,boolean,f,
raw,r1c_nomen_characteristics,,3,description,text,f,
raw,r1c_nomen_characteristics,,4,nomenclature_id,text,f,
raw,r1c_nomen_characteristics,,5,_loaded_at,timestamp with time zone,f,
raw,r1c_nomenclature,"Справочник 1С Catalog_Номенклатура; источник номенклатуры для закупок, агровходов и ГСМ.",1,_id,text,f,
raw,r1c_nomenclature,"Справочник 1С Catalog_Номенклатура; источник номенклатуры для закупок, агровходов и ГСМ.",2,DataVersion,text,f,
raw,r1c_nomenclature,"Справочник 1С Catalog_Номенклатура; источник номенклатуры для закупок, агровходов и ГСМ.",3,_deletionmark,text,f,
raw,r1c_nomenclature,"Справочник 1С Catalog_Номенклатура; источник номенклатуры для закупок, агровходов и ГСМ.",4,parent_id,text,f,
raw,r1c_nomenclature,"Справочник 1С Catalog_Номенклатура; источник номенклатуры для закупок, агровходов и ГСМ.",5,is_folder,text,f,
raw,r1c_nomenclature,"Справочник 1С Catalog_Номенклатура; источник номенклатуры для закупок, агровходов и ГСМ.",6,code,text,f,
raw,r1c_nomenclature,"Справочник 1С Catalog_Номенклатура; источник номенклатуры для закупок, агровходов и ГСМ.",7,description,text,f,
raw,r1c_nomenclature,"Справочник 1С Catalog_Номенклатура; источник номенклатуры для закупок, агровходов и ГСМ.",8,unit_id,text,f,
raw,r1c_nomenclature,"Справочник 1С Catalog_Номенклатура; источник номенклатуры для закупок, агровходов и ГСМ.",9,Артикул,text,f,
raw,r1c_nomenclature,"Справочник 1С Catalog_Номенклатура; источник номенклатуры для закупок, агровходов и ГСМ.",10,ВариантОформленияПродажи,text,f,
raw,r1c_nomenclature,"Справочник 1С Catalog_Номенклатура; источник номенклатуры для закупок, агровходов и ГСМ.",11,ВесЕдиницаИзмерения_Key,text,f,
raw,r1c_nomenclature,"Справочник 1С Catalog_Номенклатура; источник номенклатуры для закупок, агровходов и ГСМ.",12,ВесЗнаменатель,text,f,
raw,r1c_nomenclature,"Справочник 1С Catalog_Номенклатура; источник номенклатуры для закупок, агровходов и ГСМ.",13,ВесИспользовать,text,f,
raw,r1c_nomenclature,"Справочник 1С Catalog_Номенклатура; источник номенклатуры для закупок, агровходов и ГСМ.",14,ВесМожноУказыватьВДокументах,text,f,
raw,r1c_nomenclature,"Справочник 1С Catalog_Номенклатура; источник номенклатуры для закупок, агровходов и ГСМ.",15,ВесЧислитель,text,f,
raw,r1c_nomenclature,"Справочник 1С Catalog_Номенклатура; источник номенклатуры для закупок, агровходов и ГСМ.",16,ВестиУчетПоГТД,text,f,
raw,r1c_nomenclature,"Справочник 1С Catalog_Номенклатура; источник номенклатуры для закупок, агровходов и ГСМ.",17,ВестиУчетСертификатовНоменкла,text,f,
raw,r1c_nomenclature,"Справочник 1С Catalog_Номенклатура; источник номенклатуры для закупок, агровходов и ГСМ.",18,ВидАлкогольнойПродукции_Key,text,f,
raw,r1c_nomenclature,"Справочник 1С Catalog_Номенклатура; источник номенклатуры для закупок, агровходов и ГСМ.",19,nomenclature_type_id,text,f,
raw,r1c_nomenclature,"Справочник 1С Catalog_Номенклатура; источник номенклатуры для закупок, агровходов и ГСМ.",20,ГруппаДоступа_Key,text,f,
raw,r1c_nomenclature,"Справочник 1С Catalog_Номенклатура; источник номенклатуры для закупок, агровходов и ГСМ.",21,АлкогольнаяПродукция,text,f,
raw,r1c_nomenclature,"Справочник 1С Catalog_Номенклатура; источник номенклатуры для закупок, агровходов и ГСМ.",22,НаименованиеПолное,text,f,
raw,r1c_nomenclature,"Справочник 1С Catalog_Номенклатура; источник номенклатуры для закупок, агровходов и ГСМ.",23,ЕдиницаИзмеренияСрокаГодности,text,f,
raw,r1c_nomenclature,"Справочник 1С Catalog_Номенклатура; источник номенклатуры для закупок, агровходов и ГСМ.",24,ЕстьТоварыДругогоКачества,text,f,
raw,r1c_nomenclature,"Справочник 1С Catalog_Номенклатура; источник номенклатуры для закупок, агровходов и ГСМ.",25,ИмпортнаяАлкогольнаяПродукция,text,f,
raw,r1c_nomenclature,"Справочник 1С Catalog_Номенклатура; источник номенклатуры для закупок, агровходов и ГСМ.",26,ДлинаЕдиницаИзмерения_Key,text,f,
raw,r1c_nomenclature,"Справочник 1С Catalog_Номенклатура; источник номенклатуры для закупок, агровходов и ГСМ.",27,ДлинаЗнаменатель,text,f,
raw,r1c_nomenclature,"Справочник 1С Catalog_Номенклатура; источник номенклатуры для закупок, агровходов и ГСМ.",28,ДлинаИспользовать,text,f,
raw,r1c_nomenclature,"Справочник 1С Catalog_Номенклатура; источник номенклатуры для закупок, агровходов и ГСМ.",29,ДлинаМожноУказыватьВДокумента,text,f,
raw,r1c_nomenclature,"Справочник 1С Catalog_Номенклатура; источник номенклатуры для закупок, агровходов и ГСМ.",30,ДлинаЧислитель,text,f,
raw,r1c_nomenclature,"Справочник 1С Catalog_Номенклатура; источник номенклатуры для закупок, агровходов и ГСМ.",31,ИспользованиеХарактеристик,text,f,
raw,r1c_nomenclature,"Справочник 1С Catalog_Номенклатура; источник номенклатуры для закупок, агровходов и ГСМ.",32,ИспользоватьИндивидуальныйШаб,text,f,
raw,r1c_nomenclature,"Справочник 1С Catalog_Номенклатура; источник номенклатуры для закупок, агровходов и ГСМ.",33,ИспользоватьИндивидуальныйШаб_1,text,f,
raw,r1c_nomenclature,"Справочник 1С Catalog_Номенклатура; источник номенклатуры для закупок, агровходов и ГСМ.",34,ИспользоватьУпаковки,text,f,
raw,r1c_nomenclature,"Справочник 1С Catalog_Номенклатура; источник номенклатуры для закупок, агровходов и ГСМ.",35,Качество,text,f,
raw,r1c_nomenclature,"Справочник 1С Catalog_Номенклатура; источник номенклатуры для закупок, агровходов и ГСМ.",36,КодДляПоиска,text,f,
raw,r1c_nomenclature,"Справочник 1С Catalog_Номенклатура; источник номенклатуры для закупок, агровходов и ГСМ.",37,Марка_Key,text,f,
raw,r1c_nomenclature,"Справочник 1С Catalog_Номенклатура; источник номенклатуры для закупок, агровходов и ГСМ.",38,НаборУпаковок_Key,text,f,
raw,r1c_nomenclature,"Справочник 1С Catalog_Номенклатура; источник номенклатуры для закупок, агровходов и ГСМ.",39,ГруппаФинансовогоУчета_Key,text,f,
raw,r1c_nomenclature,"Справочник 1С Catalog_Номенклатура; источник номенклатуры для закупок, агровходов и ГСМ.",40,НоменклатураМногооборотнаяТар,text,f,
raw,r1c_nomenclature,"Справочник 1С Catalog_Номенклатура; источник номенклатуры для закупок, агровходов и ГСМ.",41,ОбъемДАЛ,text,f,
raw,r1c_nomenclature,"Справочник 1С Catalog_Номенклатура; источник номенклатуры для закупок, агровходов и ГСМ.",42,Описание,text,f,
raw,r1c_nomenclature,"Справочник 1С Catalog_Номенклатура; источник номенклатуры для закупок, агровходов и ГСМ.",43,УдалитьПодакцизныйТовар,text,f,
raw,r1c_nomenclature,"Справочник 1С Catalog_Номенклатура; источник номенклатуры для закупок, агровходов и ГСМ.",44,ПоставляетсяВМногооборотнойТа,text,f,
raw,r1c_nomenclature,"Справочник 1С Catalog_Номенклатура; источник номенклатуры для закупок, агровходов и ГСМ.",45,Производитель_Key,text,f,
raw,r1c_nomenclature,"Справочник 1С Catalog_Номенклатура; источник номенклатуры для закупок, агровходов и ГСМ.",46,ПроизводительИмпортерКонтраге,text,f,
raw,r1c_nomenclature,"Справочник 1С Catalog_Номенклатура; источник номенклатуры для закупок, агровходов и ГСМ.",47,СкладскаяГруппа_Key,text,f,
raw,r1c_nomenclature,"Справочник 1С Catalog_Номенклатура; источник номенклатуры для закупок, агровходов и ГСМ.",48,СрокГодности,text,f,
raw,r1c_nomenclature,"Справочник 1С Catalog_Номенклатура; источник номенклатуры для закупок, агровходов и ГСМ.",49,СтавкаНДС_Key,text,f,
raw,r1c_nomenclature,"Справочник 1С Catalog_Номенклатура; источник номенклатуры для закупок, агровходов и ГСМ.",50,ТипНоменклатуры,text,f,
raw,r1c_nomenclature,"Справочник 1С Catalog_Номенклатура; источник номенклатуры для закупок, агровходов и ГСМ.",51,ТоварнаяКатегория_Key,text,f,
raw,r1c_nomenclature,"Справочник 1С Catalog_Номенклатура; источник номенклатуры для закупок, агровходов и ГСМ.",52,ФайлКартинки_Key,text,f,
raw,r1c_nomenclature,"Справочник 1С Catalog_Номенклатура; источник номенклатуры для закупок, агровходов и ГСМ.",53,ФайлОписанияДляСайта_Key,text,f,
raw,r1c_nomenclature,"Справочник 1С Catalog_Номенклатура; источник номенклатуры для закупок, агровходов и ГСМ.",54,ОбъемЕдиницаИзмерения_Key,text,f,
raw,r1c_nomenclature,"Справочник 1С Catalog_Номенклатура; источник номенклатуры для закупок, агровходов и ГСМ.",55,ОбъемЗнаменатель,text,f,
raw,r1c_nomenclature,"Справочник 1С Catalog_Номенклатура; источник номенклатуры для закупок, агровходов и ГСМ.",56,ОбъемИспользовать,text,f,
raw,r1c_nomenclature,"Справочник 1С Catalog_Номенклатура; источник номенклатуры для закупок, агровходов и ГСМ.",57,ОбъемМожноУказыватьВДокумента,text,f,
raw,r1c_nomenclature,"Справочник 1С Catalog_Номенклатура; источник номенклатуры для закупок, агровходов и ГСМ.",58,ОбъемЧислитель,text,f,
raw,r1c_nomenclature,"Справочник 1С Catalog_Номенклатура; источник номенклатуры для закупок, агровходов и ГСМ.",59,ХарактеристикаМногооборотнаяТ,text,f,
raw,r1c_nomenclature,"Справочник 1С Catalog_Номенклатура; источник номенклатуры для закупок, агровходов и ГСМ.",60,ПлощадьЕдиницаИзмерения_Key,text,f,
raw,r1c_nomenclature,"Справочник 1С Catalog_Номенклатура; источник номенклатуры для закупок, агровходов и ГСМ.",61,ПлощадьЗнаменатель,text,f,
raw,r1c_nomenclature,"Справочник 1С Catalog_Номенклатура; источник номенклатуры для закупок, агровходов и ГСМ.",62,СхемаОбеспечения_Key,text,f,
raw,r1c_nomenclature,"Справочник 1С Catalog_Номенклатура; источник номенклатуры для закупок, агровходов и ГСМ.",63,СпособОбеспеченияПотребностей_,text,f,
raw,r1c_nomenclature,"Справочник 1С Catalog_Номенклатура; источник номенклатуры для закупок, агровходов и ГСМ.",64,ПлощадьИспользовать,text,f,
raw,r1c_nomenclature,"Справочник 1С Catalog_Номенклатура; источник номенклатуры для закупок, агровходов и ГСМ.",65,ПлощадьМожноУказыватьВДокумен,text,f,
raw,r1c_nomenclature,"Справочник 1С Catalog_Номенклатура; источник номенклатуры для закупок, агровходов и ГСМ.",66,ПлощадьЧислитель,text,f,
raw,r1c_nomenclature,"Справочник 1С Catalog_Номенклатура; источник номенклатуры для закупок, агровходов и ГСМ.",67,ЦеноваяГруппа_Key,text,f,
raw,r1c_nomenclature,"Справочник 1С Catalog_Номенклатура; источник номенклатуры для закупок, агровходов и ГСМ.",68,ШаблонЦенника_Key,text,f,
raw,r1c_nomenclature,"Справочник 1С Catalog_Номенклатура; источник номенклатуры для закупок, агровходов и ГСМ.",69,ЕдиницаДляОтчетов_Key,text,f,
raw,r1c_nomenclature,"Справочник 1С Catalog_Номенклатура; источник номенклатуры для закупок, агровходов и ГСМ.",70,КоэффициентЕдиницыДляОтчетов,text,f,
raw,r1c_nomenclature,"Справочник 1С Catalog_Номенклатура; источник номенклатуры для закупок, агровходов и ГСМ.",71,ШаблонЭтикетки_Key,text,f,
raw,r1c_nomenclature,"Справочник 1С Catalog_Номенклатура; источник номенклатуры для закупок, агровходов и ГСМ.",72,СезоннаяГруппа_Key,text,f,
raw,r1c_nomenclature,"Справочник 1С Catalog_Номенклатура; источник номенклатуры для закупок, агровходов и ГСМ.",73,КоллекцияНоменклатуры_Key,text,f,
raw,r1c_nomenclature,"Справочник 1С Catalog_Номенклатура; источник номенклатуры для закупок, агровходов и ГСМ.",74,Принципал,text,f,
raw,r1c_nomenclature,"Справочник 1С Catalog_Номенклатура; источник номенклатуры для закупок, агровходов и ГСМ.",75,Принципал_Type,text,f,
raw,r1c_nomenclature,"Справочник 1С Catalog_Номенклатура; источник номенклатуры для закупок, агровходов и ГСМ.",76,Контрагент,text,f,
raw,r1c_nomenclature,"Справочник 1С Catalog_Номенклатура; источник номенклатуры для закупок, агровходов и ГСМ.",77,Контрагент_Type,text,f,
raw,r1c_nomenclature,"Справочник 1С Catalog_Номенклатура; источник номенклатуры для закупок, агровходов и ГСМ.",78,РейтингПродаж_Key,text,f,
raw,r1c_nomenclature,"Справочник 1С Catalog_Номенклатура; источник номенклатуры для закупок, агровходов и ГСМ.",79,ОбособленнаяЗакупкаПродажа,text,f,
raw,r1c_nomenclature,"Справочник 1С Catalog_Номенклатура; источник номенклатуры для закупок, агровходов и ГСМ.",80,ГруппаАналитическогоУчета_Key,text,f,
raw,r1c_nomenclature,"Справочник 1С Catalog_Номенклатура; источник номенклатуры для закупок, агровходов и ГСМ.",81,КодТНВЭД_Key,text,f,
raw,r1c_nomenclature,"Справочник 1С Catalog_Номенклатура; источник номенклатуры для закупок, агровходов и ГСМ.",82,КодОКВЭД_Key,text,f,
raw,r1c_nomenclature,"Справочник 1С Catalog_Номенклатура; источник номенклатуры для закупок, агровходов и ГСМ.",83,КодОКП_Key,text,f,
raw,r1c_nomenclature,"Справочник 1С Catalog_Номенклатура; источник номенклатуры для закупок, агровходов и ГСМ.",84,ОблагаетсяНДПИПоПроцентнойСта,text,f,
raw,r1c_nomenclature,"Справочник 1С Catalog_Номенклатура; источник номенклатуры для закупок, агровходов и ГСМ.",85,ВладелецСерий_Key,text,f,
raw,r1c_nomenclature,"Справочник 1С Catalog_Номенклатура; источник номенклатуры для закупок, агровходов и ГСМ.",86,ВладелецХарактеристик_Key,text,f,
raw,r1c_nomenclature,"Справочник 1С Catalog_Номенклатура; источник номенклатуры для закупок, агровходов и ГСМ.",87,ВладелецТоварныхКатегорий_Key,text,f,
raw,r1c_nomenclature,"Справочник 1С Catalog_Номенклатура; источник номенклатуры для закупок, агровходов и ГСМ.",88,АпкКультура_Key,text,f,
raw,r1c_nomenclature,"Справочник 1С Catalog_Номенклатура; источник номенклатуры для закупок, агровходов и ГСМ.",89,Крепость,text,f,
raw,r1c_nomenclature,"Справочник 1С Catalog_Номенклатура; источник номенклатуры для закупок, агровходов и ГСМ.",90,ОсобенностьУчета,text,f,
raw,r1c_nomenclature,"Справочник 1С Catalog_Номенклатура; источник номенклатуры для закупок, агровходов и ГСМ.",91,ПродукцияМаркируемаяДляГИСМ,text,f,
raw,r1c_nomenclature,"Справочник 1С Catalog_Номенклатура; источник номенклатуры для закупок, агровходов и ГСМ.",92,КиЗГИСМ,text,f,
raw,r1c_nomenclature,"Справочник 1С Catalog_Номенклатура; источник номенклатуры для закупок, агровходов и ГСМ.",93,КиЗГИСМВид,text,f,
raw,r1c_nomenclature,"Справочник 1С Catalog_Номенклатура; источник номенклатуры для закупок, агровходов и ГСМ.",94,КиЗГИСМСпособВыпускаВОборот,text,f,
raw,r1c_nomenclature,"Справочник 1С Catalog_Номенклатура; источник номенклатуры для закупок, агровходов и ГСМ.",95,КиЗГИСМGTIN,text,f,
raw,r1c_nomenclature,"Справочник 1С Catalog_Номенклатура; источник номенклатуры для закупок, агровходов и ГСМ.",96,АпкСтатьяКалькуляции_Key,text,f,
raw,r1c_nomenclature,"Справочник 1С Catalog_Номенклатура; источник номенклатуры для закупок, агровходов и ГСМ.",97,АпкВесовойКоэффициент,text,f,
raw,r1c_nomenclature,"Справочник 1С Catalog_Номенклатура; источник номенклатуры для закупок, агровходов и ГСМ.",98,КиЗГИСМРазмер,text,f,
raw,r1c_nomenclature,"Справочник 1С Catalog_Номенклатура; источник номенклатуры для закупок, агровходов и ГСМ.",99,ПодконтрольнаяПродукцияВЕТИС,text,f,
raw,r1c_nomenclature,"Справочник 1С Catalog_Номенклатура; источник номенклатуры для закупок, агровходов и ГСМ.",100,АлкогольнаяПродукцияВоВскрыто,text,f,
raw,r1c_nomenclature,"Справочник 1С Catalog_Номенклатура; источник номенклатуры для закупок, агровходов и ГСМ.",101,КодРаздел7ДекларацииНДС_Key,text,f,
raw,r1c_nomenclature,"Справочник 1С Catalog_Номенклатура; источник номенклатуры для закупок, агровходов и ГСМ.",102,ОблагаетсяНДСУПокупателя,text,f,
raw,r1c_nomenclature,"Справочник 1С Catalog_Номенклатура; источник номенклатуры для закупок, агровходов и ГСМ.",103,УдалитьКодОКВЭД2_Key,text,f,
raw,r1c_nomenclature,"Справочник 1С Catalog_Номенклатура; источник номенклатуры для закупок, агровходов и ГСМ.",104,АпкКлассПродукции,text,f,
raw,r1c_nomenclature,"Справочник 1С Catalog_Номенклатура; источник номенклатуры для закупок, агровходов и ГСМ.",105,КодОКПД2_Key,text,f,
raw,r1c_nomenclature,"Справочник 1С Catalog_Номенклатура; источник номенклатуры для закупок, агровходов и ГСМ.",106,КодВидаНоменклатурнойКлассифи,text,f,
raw,r1c_nomenclature,"Справочник 1С Catalog_Номенклатура; источник номенклатуры для закупок, агровходов и ГСМ.",107,АпкНазначение,text,f,
raw,r1c_nomenclature,"Справочник 1С Catalog_Номенклатура; источник номенклатуры для закупок, агровходов и ГСМ.",108,АпкСодержаниеАзота,text,f,
raw,r1c_nomenclature,"Справочник 1С Catalog_Номенклатура; источник номенклатуры для закупок, агровходов и ГСМ.",109,АпкСодержаниеФосфора,text,f,
raw,r1c_nomenclature,"Справочник 1С Catalog_Номенклатура; источник номенклатуры для закупок, агровходов и ГСМ.",110,АпкСодержаниеКалия,text,f,
raw,r1c_nomenclature,"Справочник 1С Catalog_Номенклатура; источник номенклатуры для закупок, агровходов и ГСМ.",111,АпкВидУдобрений,text,f,
raw,r1c_nomenclature,"Справочник 1С Catalog_Номенклатура; источник номенклатуры для закупок, агровходов и ГСМ.",112,НаименованиеВидаНоменклатурно,text,f,
raw,r1c_nomenclature,"Справочник 1С Catalog_Номенклатура; источник номенклатуры для закупок, агровходов и ГСМ.",113,ЕдиницаИзмеренияТНВЭД_Key,text,f,
raw,r1c_nomenclature,"Справочник 1С Catalog_Номенклатура; источник номенклатуры для закупок, агровходов и ГСМ.",114,СтранаПроисхождения_Key,text,f,
raw,r1c_nomenclature,"Справочник 1С Catalog_Номенклатура; источник номенклатуры для закупок, агровходов и ГСМ.",115,АпкГодУрожая,text,f,
raw,r1c_nomenclature,"Справочник 1С Catalog_Номенклатура; источник номенклатуры для закупок, агровходов и ГСМ.",116,ПрослеживаемыйТовар,text,f,
raw,r1c_nomenclature,"Справочник 1С Catalog_Номенклатура; источник номенклатуры для закупок, агровходов и ГСМ.",117,ПереноситьРНПТМатериала,text,f,
raw,r1c_nomenclature,"Справочник 1С Catalog_Номенклатура; источник номенклатуры для закупок, агровходов и ГСМ.",118,АпкТипСтоимости,text,f,
raw,r1c_nomenclature,"Справочник 1С Catalog_Номенклатура; источник номенклатуры для закупок, агровходов и ГСМ.",119,АпкРепродукцияСемян,text,f,
raw,r1c_nomenclature,"Справочник 1С Catalog_Номенклатура; источник номенклатуры для закупок, агровходов и ГСМ.",120,КодТРУ,text,f,
raw,r1c_nomenclature,"Справочник 1С Catalog_Номенклатура; источник номенклатуры для закупок, агровходов и ГСМ.",121,КодПоКВПД,text,f,
raw,r1c_nomenclature,"Справочник 1С Catalog_Номенклатура; источник номенклатуры для закупок, агровходов и ГСМ.",122,КодОКВЭД2,text,f,
raw,r1c_nomenclature,"Справочник 1С Catalog_Номенклатура; источник номенклатуры для закупок, агровходов и ГСМ.",123,ПродаетсяПоРазрешению,text,f,
raw,r1c_nomenclature,"Справочник 1С Catalog_Номенклатура; источник номенклатуры для закупок, агровходов и ГСМ.",124,Операции0_Key,text,f,
raw,r1c_nomenclature,"Справочник 1С Catalog_Номенклатура; источник номенклатуры для закупок, агровходов и ГСМ.",125,КонтролироватьКачествоПоступи,text,f,
raw,r1c_nomenclature,"Справочник 1С Catalog_Номенклатура; источник номенклатуры для закупок, агровходов и ГСМ.",126,СрокКонтроляКачества,text,f,
raw,r1c_nomenclature,"Справочник 1С Catalog_Номенклатура; источник номенклатуры для закупок, агровходов и ГСМ.",127,НаименованиеЯзык1,text,f,
raw,r1c_nomenclature,"Справочник 1С Catalog_Номенклатура; источник номенклатуры для закупок, агровходов и ГСМ.",128,НаименованиеЯзык2,text,f,
raw,r1c_nomenclature,"Справочник 1С Catalog_Номенклатура; источник номенклатуры для закупок, агровходов и ГСМ.",129,ДополнительныеРеквизиты,text,f,
raw,r1c_nomenclature,"Справочник 1С Catalog_Номенклатура; источник номенклатуры для закупок, агровходов и ГСМ.",130,ДрагоценныеМатериалы,text,f,
raw,r1c_nomenclature,"Справочник 1С Catalog_Номенклатура; источник номенклатуры для закупок, агровходов и ГСМ.",131,Представления,text,f,
raw,r1c_nomenclature,"Справочник 1С Catalog_Номенклатура; источник номенклатуры для закупок, агровходов и ГСМ.",132,Predefined,text,f,
raw,r1c_nomenclature,"Справочник 1С Catalog_Номенклатура; источник номенклатуры для закупок, агровходов и ГСМ.",133,PredefinedDataName,text,f,
raw,r1c_nomenclature,"Справочник 1С Catalog_Номенклатура; источник номенклатуры для закупок, агровходов и ГСМ.",134,_loaded_at,timestamp with time zone,t,
raw,r1c_nomenclature_backup_20260815,,1,Ref_Key,text,f,
raw,r1c_nomenclature_backup_20260815,,2,DataVersion,text,f,
raw,r1c_nomenclature_backup_20260815,,3,DeletionMark,text,f,
raw,r1c_nomenclature_backup_20260815,,4,Parent_Key,text,f,
raw,r1c_nomenclature_backup_20260815,,5,IsFolder,text,f,
raw,r1c_nomenclature_backup_20260815,,6,Code,text,f,
raw,r1c_nomenclature_backup_20260815,,7,Description,text,f,
raw,r1c_nomenclature_backup_20260815,,8,ЕдиницаИзмерения_Key,text,f,
raw,r1c_nomenclature_backup_20260815,,9,Артикул,text,f,
raw,r1c_nomenclature_backup_20260815,,10,ВариантОформленияПродажи,text,f,
raw,r1c_nomenclature_backup_20260815,,11,ВесЕдиницаИзмерения_Key,text,f,
raw,r1c_nomenclature_backup_20260815,,12,ВесЗнаменатель,text,f,
raw,r1c_nomenclature_backup_20260815,,13,ВесИспользовать,text,f,
raw,r1c_nomenclature_backup_20260815,,14,ВесМожноУказыватьВДокументах,text,f,
raw,r1c_nomenclature_backup_20260815,,15,ВесЧислитель,text,f,
raw,r1c_nomenclature_backup_20260815,,16,ВестиУчетПоГТД,text,f,
raw,r1c_nomenclature_backup_20260815,,17,ВестиУчетСертификатовНоменкла,text,f,
raw,r1c_nomenclature_backup_20260815,,18,ВидАлкогольнойПродукции_Key,text,f,
raw,r1c_nomenclature_backup_20260815,,19,ВидНоменклатуры_Key,text,f,
raw,r1c_nomenclature_backup_20260815,,20,ГруппаДоступа_Key,text,f,
raw,r1c_nomenclature_backup_20260815,,21,АлкогольнаяПродукция,text,f,
raw,r1c_nomenclature_backup_20260815,,22,НаименованиеПолное,text,f,
raw,r1c_nomenclature_backup_20260815,,23,ЕдиницаИзмеренияСрокаГодности,text,f,
raw,r1c_nomenclature_backup_20260815,,24,ЕстьТоварыДругогоКачества,text,f,
raw,r1c_nomenclature_backup_20260815,,25,ИмпортнаяАлкогольнаяПродукция,text,f,
raw,r1c_nomenclature_backup_20260815,,26,ДлинаЕдиницаИзмерения_Key,text,f,
raw,r1c_nomenclature_backup_20260815,,27,ДлинаЗнаменатель,text,f,
raw,r1c_nomenclature_backup_20260815,,28,ДлинаИспользовать,text,f,
raw,r1c_nomenclature_backup_20260815,,29,ДлинаМожноУказыватьВДокумента,text,f,
raw,r1c_nomenclature_backup_20260815,,30,ДлинаЧислитель,text,f,
raw,r1c_nomenclature_backup_20260815,,31,ИспользованиеХарактеристик,text,f,
raw,r1c_nomenclature_backup_20260815,,32,ИспользоватьИндивидуальныйШаб,text,f,
raw,r1c_nomenclature_backup_20260815,,33,ИспользоватьИндивидуальныйШаб_1,text,f,
raw,r1c_nomenclature_backup_20260815,,34,ИспользоватьУпаковки,text,f,
raw,r1c_nomenclature_backup_20260815,,35,Качество,text,f,
raw,r1c_nomenclature_backup_20260815,,36,КодДляПоиска,text,f,
raw,r1c_nomenclature_backup_20260815,,37,Марка_Key,text,f,
raw,r1c_nomenclature_backup_20260815,,38,НаборУпаковок_Key,text,f,
raw,r1c_nomenclature_backup_20260815,,39,ГруппаФинансовогоУчета_Key,text,f,
raw,r1c_nomenclature_backup_20260815,,40,НоменклатураМногооборотнаяТар,text,f,
raw,r1c_nomenclature_backup_20260815,,41,ОбъемДАЛ,text,f,
raw,r1c_nomenclature_backup_20260815,,42,Описание,text,f,
raw,r1c_nomenclature_backup_20260815,,43,УдалитьПодакцизныйТовар,text,f,
raw,r1c_nomenclature_backup_20260815,,44,ПоставляетсяВМногооборотнойТа,text,f,
raw,r1c_nomenclature_backup_20260815,,45,Производитель_Key,text,f,
raw,r1c_nomenclature_backup_20260815,,46,ПроизводительИмпортерКонтраге,text,f,
raw,r1c_nomenclature_backup_20260815,,47,СкладскаяГруппа_Key,text,f,
raw,r1c_nomenclature_backup_20260815,,48,СрокГодности,text,f,
raw,r1c_nomenclature_backup_20260815,,49,СтавкаНДС_Key,text,f,
raw,r1c_nomenclature_backup_20260815,,50,ТипНоменклатуры,text,f,
raw,r1c_nomenclature_backup_20260815,,51,ТоварнаяКатегория_Key,text,f,
raw,r1c_nomenclature_backup_20260815,,52,ФайлКартинки_Key,text,f,
raw,r1c_nomenclature_backup_20260815,,53,ФайлОписанияДляСайта_Key,text,f,
raw,r1c_nomenclature_backup_20260815,,54,ОбъемЕдиницаИзмерения_Key,text,f,
raw,r1c_nomenclature_backup_20260815,,55,ОбъемЗнаменатель,text,f,
raw,r1c_nomenclature_backup_20260815,,56,ОбъемИспользовать,text,f,
raw,r1c_nomenclature_backup_20260815,,57,ОбъемМожноУказыватьВДокумента,text,f,
raw,r1c_nomenclature_backup_20260815,,58,ОбъемЧислитель,text,f,
raw,r1c_nomenclature_backup_20260815,,59,ХарактеристикаМногооборотнаяТ,text,f,
raw,r1c_nomenclature_backup_20260815,,60,ПлощадьЕдиницаИзмерения_Key,text,f,
raw,r1c_nomenclature_backup_20260815,,61,ПлощадьЗнаменатель,text,f,
raw,r1c_nomenclature_backup_20260815,,62,СхемаОбеспечения_Key,text,f,
raw,r1c_nomenclature_backup_20260815,,63,СпособОбеспеченияПотребностей_,text,f,
raw,r1c_nomenclature_backup_20260815,,64,ПлощадьИспользовать,text,f,
raw,r1c_nomenclature_backup_20260815,,65,ПлощадьМожноУказыватьВДокумен,text,f,
raw,r1c_nomenclature_backup_20260815,,66,ПлощадьЧислитель,text,f,
raw,r1c_nomenclature_backup_20260815,,67,ЦеноваяГруппа_Key,text,f,
raw,r1c_nomenclature_backup_20260815,,68,ШаблонЦенника_Key,text,f,
raw,r1c_nomenclature_backup_20260815,,69,ЕдиницаДляОтчетов_Key,text,f,
raw,r1c_nomenclature_backup_20260815,,70,КоэффициентЕдиницыДляОтчетов,text,f,
raw,r1c_nomenclature_backup_20260815,,71,ШаблонЭтикетки_Key,text,f,
raw,r1c_nomenclature_backup_20260815,,72,СезоннаяГруппа_Key,text,f,
raw,r1c_nomenclature_backup_20260815,,73,КоллекцияНоменклатуры_Key,text,f,
raw,r1c_nomenclature_backup_20260815,,74,Принципал,text,f,
raw,r1c_nomenclature_backup_20260815,,75,Принципал_Type,text,f,
raw,r1c_nomenclature_backup_20260815,,76,Контрагент,text,f,
raw,r1c_nomenclature_backup_20260815,,77,Контрагент_Type,text,f,
raw,r1c_nomenclature_backup_20260815,,78,РейтингПродаж_Key,text,f,
raw,r1c_nomenclature_backup_20260815,,79,ОбособленнаяЗакупкаПродажа,text,f,
raw,r1c_nomenclature_backup_20260815,,80,ГруппаАналитическогоУчета_Key,text,f,
raw,r1c_nomenclature_backup_20260815,,81,КодТНВЭД_Key,text,f,
raw,r1c_nomenclature_backup_20260815,,82,КодОКВЭД_Key,text,f,
raw,r1c_nomenclature_backup_20260815,,83,КодОКП_Key,text,f,
raw,r1c_nomenclature_backup_20260815,,84,ОблагаетсяНДПИПоПроцентнойСта,text,f,
raw,r1c_nomenclature_backup_20260815,,85,ВладелецСерий_Key,text,f,
raw,r1c_nomenclature_backup_20260815,,86,ВладелецХарактеристик_Key,text,f,
raw,r1c_nomenclature_backup_20260815,,87,ВладелецТоварныхКатегорий_Key,text,f,
raw,r1c_nomenclature_backup_20260815,,88,АпкКультура_Key,text,f,
raw,r1c_nomenclature_backup_20260815,,89,Крепость,text,f,
raw,r1c_nomenclature_backup_20260815,,90,ОсобенностьУчета,text,f,
raw,r1c_nomenclature_backup_20260815,,91,ПродукцияМаркируемаяДляГИСМ,text,f,
raw,r1c_nomenclature_backup_20260815,,92,КиЗГИСМ,text,f,
raw,r1c_nomenclature_backup_20260815,,93,КиЗГИСМВид,text,f,
raw,r1c_nomenclature_backup_20260815,,94,КиЗГИСМСпособВыпускаВОборот,text,f,
raw,r1c_nomenclature_backup_20260815,,95,КиЗГИСМGTIN,text,f,
raw,r1c_nomenclature_backup_20260815,,96,АпкСтатьяКалькуляции_Key,text,f,
raw,r1c_nomenclature_backup_20260815,,97,АпкВесовойКоэффициент,text,f,
raw,r1c_nomenclature_backup_20260815,,98,КиЗГИСМРазмер,text,f,
raw,r1c_nomenclature_backup_20260815,,99,ПодконтрольнаяПродукцияВЕТИС,text,f,
raw,r1c_nomenclature_backup_20260815,,100,АлкогольнаяПродукцияВоВскрыто,text,f,
raw,r1c_nomenclature_backup_20260815,,101,КодРаздел7ДекларацииНДС_Key,text,f,
raw,r1c_nomenclature_backup_20260815,,102,ОблагаетсяНДСУПокупателя,text,f,
raw,r1c_nomenclature_backup_20260815,,103,УдалитьКодОКВЭД2_Key,text,f,
raw,r1c_nomenclature_backup_20260815,,104,АпкКлассПродукции,text,f,
raw,r1c_nomenclature_backup_20260815,,105,КодОКПД2_Key,text,f,
raw,r1c_nomenclature_backup_20260815,,106,КодВидаНоменклатурнойКлассифи,text,f,
raw,r1c_nomenclature_backup_20260815,,107,АпкНазначение,text,f,
raw,r1c_nomenclature_backup_20260815,,108,АпкСодержаниеАзота,text,f,
raw,r1c_nomenclature_backup_20260815,,109,АпкСодержаниеФосфора,text,f,
raw,r1c_nomenclature_backup_20260815,,110,АпкСодержаниеКалия,text,f,
raw,r1c_nomenclature_backup_20260815,,111,АпкВидУдобрений,text,f,
raw,r1c_nomenclature_backup_20260815,,112,НаименованиеВидаНоменклатурно,text,f,
raw,r1c_nomenclature_backup_20260815,,113,ЕдиницаИзмеренияТНВЭД_Key,text,f,
raw,r1c_nomenclature_backup_20260815,,114,СтранаПроисхождения_Key,text,f,
raw,r1c_nomenclature_backup_20260815,,115,АпкГодУрожая,text,f,
raw,r1c_nomenclature_backup_20260815,,116,ПрослеживаемыйТовар,text,f,
raw,r1c_nomenclature_backup_20260815,,117,ПереноситьРНПТМатериала,text,f,
raw,r1c_nomenclature_backup_20260815,,118,АпкТипСтоимости,text,f,
raw,r1c_nomenclature_backup_20260815,,119,АпкРепродукцияСемян,text,f,
raw,r1c_nomenclature_backup_20260815,,120,КодТРУ,text,f,
raw,r1c_nomenclature_backup_20260815,,121,КодПоКВПД,text,f,
raw,r1c_nomenclature_backup_20260815,,122,КодОКВЭД2,text,f,
raw,r1c_nomenclature_backup_20260815,,123,ПродаетсяПоРазрешению,text,f,
raw,r1c_nomenclature_backup_20260815,,124,Операции0_Key,text,f,
raw,r1c_nomenclature_backup_20260815,,125,КонтролироватьКачествоПоступи,text,f,
raw,r1c_nomenclature_backup_20260815,,126,СрокКонтроляКачества,text,f,
raw,r1c_nomenclature_backup_20260815,,127,НаименованиеЯзык1,text,f,
raw,r1c_nomenclature_backup_20260815,,128,НаименованиеЯзык2,text,f,
raw,r1c_nomenclature_backup_20260815,,129,ДополнительныеРеквизиты,text,f,
raw,r1c_nomenclature_backup_20260815,,130,ДрагоценныеМатериалы,text,f,
raw,r1c_nomenclature_backup_20260815,,131,Представления,text,f,
raw,r1c_nomenclature_backup_20260815,,132,Predefined,text,f,
raw,r1c_nomenclature_backup_20260815,,133,PredefinedDataName,text,f,
raw,r1c_nomenclature_current,"Нормализованный инкрементально обновляемый справочник 1С Catalog_Номенклатура. Источник для закупок, СЗР, удобрений, семян и ГСМ.",1,_id,text,t,
raw,r1c_nomenclature_current,"Нормализованный инкрементально обновляемый справочник 1С Catalog_Номенклатура. Источник для закупок, СЗР, удобрений, семян и ГСМ.",2,_deletionmark,boolean,f,
raw,r1c_nomenclature_current,"Нормализованный инкрементально обновляемый справочник 1С Catalog_Номенклатура. Источник для закупок, СЗР, удобрений, семян и ГСМ.",3,parent_id,text,f,
raw,r1c_nomenclature_current,"Нормализованный инкрементально обновляемый справочник 1С Catalog_Номенклатура. Источник для закупок, СЗР, удобрений, семян и ГСМ.",4,is_folder,boolean,f,
raw,r1c_nomenclature_current,"Нормализованный инкрементально обновляемый справочник 1С Catalog_Номенклатура. Источник для закупок, СЗР, удобрений, семян и ГСМ.",5,code,text,f,
raw,r1c_nomenclature_current,"Нормализованный инкрементально обновляемый справочник 1С Catalog_Номенклатура. Источник для закупок, СЗР, удобрений, семян и ГСМ.",6,description,text,f,
raw,r1c_nomenclature_current,"Нормализованный инкрементально обновляемый справочник 1С Catalog_Номенклатура. Источник для закупок, СЗР, удобрений, семян и ГСМ.",7,unit_id,text,f,
raw,r1c_nomenclature_current,"Нормализованный инкрементально обновляемый справочник 1С Catalog_Номенклатура. Источник для закупок, СЗР, удобрений, семян и ГСМ.",8,nomenclature_type_id,text,f,
raw,r1c_nomenclature_current,"Нормализованный инкрементально обновляемый справочник 1С Catalog_Номенклатура. Источник для закупок, СЗР, удобрений, семян и ГСМ.",9,_loaded_at,timestamp with time zone,t,
raw,r1c_operation_fuel_norms,,1,operation_id,uuid,t,
raw,r1c_operation_fuel_norms,,2,line_number,integer,t,
raw,r1c_operation_fuel_norms,,3,model_tehniki_id,uuid,f,
raw,r1c_operation_fuel_norms,,4,model_oborudovaniya_id,uuid,f,
raw,r1c_operation_fuel_norms,,5,smennaya_norma_vyrabotki,"numeric(12,3)",f,
raw,r1c_operation_fuel_norms,,6,norma_rashoda_topliva,"numeric(12,3)",f,
raw,r1c_operation_fuel_norms,,7,prodolzhitelnost_smeny,"numeric(6,2)",f,
raw,r1c_operation_fuel_norms,,8,edinica_smennoy_normy,text,f,
raw,r1c_operation_fuel_norms,,9,baza_rascheta_gsm,text,f,
raw,r1c_operation_fuel_norms,,10,klyuch_svyazi_stroki_norm,uuid,f,
raw,r1c_operation_fuel_norms,,11,_loaded_at,timestamp with time zone,f,
raw,r1c_org_units,,1,Ref_Key,text,f,
raw,r1c_org_units,,2,DataVersion,text,f,
raw,r1c_org_units,,3,DeletionMark,text,f,
raw,r1c_org_units,,4,Owner_Key,text,f,
raw,r1c_org_units,,5,Parent_Key,text,f,
raw,r1c_org_units,,6,Code,text,f,
raw,r1c_org_units,,7,Description,text,f,
raw,r1c_org_units,,8,РеквизитДопУпорядочивания,text,f,
raw,r1c_org_units,,9,РайонныйКоэффициент,text,f,
raw,r1c_org_units,,10,ОбособленноеПодразделение,text,f,
raw,r1c_org_units,,11,ГоловнаяОрганизация_Key,text,f,
raw,r1c_org_units,,12,Сформировано,text,f,
raw,r1c_org_units,,13,ДатаСоздания,text,f,
raw,r1c_org_units,,14,Расформировано,text,f,
raw,r1c_org_units,,15,ДатаРасформирования,text,f,
raw,r1c_org_units,,16,РегистрацияВНалоговомОргане_Key,text,f,
raw,r1c_org_units,,17,УдалитьСоответствуетСудамЗаре,text,f,
raw,r1c_org_units,,18,РеквизитДопУпорядочиванияИера,text,f,
raw,r1c_org_units,,19,ПрименяемыйЛьготныйТерриториа,text,f,
raw,r1c_org_units,,20,ГрафикРаботыСотрудников_Key,text,f,
raw,r1c_org_units,,21,КодОКВЭД,text,f,
raw,r1c_org_units,,22,НаименованиеОКВЭД,text,f,
raw,r1c_org_units,,23,ИмеетНомерТерриториальногоОрг,text,f,
raw,r1c_org_units,,24,НомерТерриториальногоОрганаРо,text,f,
raw,r1c_org_units,,25,ПроцентСевернойНадбавки,text,f,
raw,r1c_org_units,,26,КодОрганаФСГС,text,f,
raw,r1c_org_units,,27,КодОКВЭД2,text,f,
raw,r1c_org_units,,28,НаименованиеОКВЭД2,text,f,
raw,r1c_org_units,,29,РайонныйКоэффициентРФ,text,f,
raw,r1c_org_units,,30,СамостоятельнаяКлассификацион,text,f,
raw,r1c_org_units,,31,НаименованиеДляЗаписейОТрудов,text,f,
raw,r1c_org_units,,32,ДополнительныеРеквизиты,text,f,
raw,r1c_org_units,,33,ЗависимыеСтажи,text,f,
raw,r1c_org_units,,34,Predefined,text,f,
raw,r1c_org_units,,35,PredefinedDataName,text,f,
raw,r1c_org_units,,36,Owner@navigationLinkUrl,text,f,
raw,r1c_org_units,,37,ГоловнаяОрганизация@navigationLinkUrl,text,f,
raw,r1c_org_units,,38,РегистрацияВНалоговомОргане@navi,text,f,
raw,r1c_polya,,1,_id,text,t,
raw,r1c_polya,,2,_deletionmark,boolean,f,
raw,r1c_polya,,3,description,text,f,
raw,r1c_polya,,4,parent_id,text,f,
raw,r1c_polya,,5,area_ha,"numeric(12,4)",f,НЕ ЗАПОЛНЯЕТСЯ: такого плоского поля в 1С нет. Площадь — только в raw.r1c_polya_istoriya по годам.
raw,r1c_polya,,6,cadastr_num,text,f,
raw,r1c_polya,,7,farm_id,text,f,
raw,r1c_polya,,8,_loaded_at,timestamp with time zone,f,
raw,r1c_polya,,9,organization_id,text,f,
raw,r1c_polya,,10,efis_number,text,f,
raw,r1c_polya,,11,sklad_semyan_id,text,f,
raw,r1c_polya,,12,sklad_udobreniy_id,text,f,
raw,r1c_polya,,13,sklad_szr_id,text,f,
raw,r1c_polya,,14,sklad_produkcii_id,text,f,
raw,r1c_polya,,15,sklad_prochih_id,text,f,
raw,r1c_polya_istoriya,,1,_id,text,t,
raw,r1c_polya_istoriya,,2,pole_id,text,t,
raw,r1c_polya_istoriya,,3,line_number,integer,f,
raw,r1c_polya_istoriya,,4,god_urozhaya,integer,f,
raw,r1c_polya_istoriya,,5,kultura_id,text,f,
raw,r1c_polya_istoriya,,6,ploshad_obshaya,"numeric(12,4)",f,
raw,r1c_polya_istoriya,,7,ploshad_seva,"numeric(12,4)",f,
raw,r1c_polya_istoriya,,8,ploshad_kontura,"numeric(12,4)",f,
raw,r1c_polya_istoriya,,9,nachalo_perioda,timestamp without time zone,f,
raw,r1c_polya_istoriya,,10,konec_perioda,timestamp without time zone,f,
raw,r1c_polya_istoriya,,11,predshestvennik_id,text,f,
raw,r1c_polya_istoriya,,12,predshestvennik_text,text,f,
raw,r1c_polya_istoriya,,13,podrazdelenie_id,text,f,
raw,r1c_polya_istoriya,,14,ne_ispolzuetsya,boolean,f,
raw,r1c_polya_istoriya,,15,_loaded_at,timestamp with time zone,t,
raw,r1c_polya_istoriya,,16,eto_roditel,boolean,f,
raw,r1c_polya_istoriya,,17,eto_vetv,boolean,f,
raw,r1c_polya_istoriya,,18,cost_object_key,text,f,
raw,r1c_production_stages,,1,_id,uuid,t,
raw,r1c_production_stages,,2,doc_number,text,f,
raw,r1c_production_stages,,3,doc_date,timestamp without time zone,f,
raw,r1c_production_stages,,4,organization_id,uuid,f,
raw,r1c_production_stages,,5,podrazdelenie_text,text,f,
raw,r1c_production_stages,,6,status,text,f,
raw,r1c_production_stages,,7,otvetstvennyi_id,uuid,f,
raw,r1c_production_stages,,8,_loaded_at,timestamp without time zone,f,
raw,r1c_purchase_headers,,1,_id,uuid,t,
raw,r1c_purchase_headers,,2,_deletionmark,boolean,f,
raw,r1c_purchase_headers,,3,_posted,boolean,f,
raw,r1c_purchase_headers,,4,doc_number,text,f,
raw,r1c_purchase_headers,,5,doc_date,timestamp without time zone,f,
raw,r1c_purchase_headers,,6,organizaciya_id,uuid,f,
raw,r1c_purchase_headers,,7,kontragent_id,uuid,f,
raw,r1c_purchase_headers,,8,cena_vklyuchaet_nds,boolean,f,
raw,r1c_purchase_headers,,9,_loaded_at,timestamp without time zone,t,
raw,r1c_purchase_headers,,10,dogovor_id,uuid,f,
raw,r1c_purchase_lines,,1,doc_id,uuid,t,
raw,r1c_purchase_lines,,2,line_number,integer,t,
raw,r1c_purchase_lines,,3,nomenklatura_id,uuid,f,
raw,r1c_purchase_lines,,4,harakteristika_id,uuid,f,
raw,r1c_purchase_lines,,5,seriya_id,uuid,f,
raw,r1c_purchase_lines,,6,kolichestvo,numeric,f,
raw,r1c_purchase_lines,,7,cena,numeric,f,
raw,r1c_purchase_lines,,8,summa,numeric,f,
raw,r1c_purchase_lines,,9,stavka_nds_id,uuid,f,
raw,r1c_purchase_lines,,10,summa_nds,numeric,f,
raw,r1c_purchase_lines,,11,summa_s_nds,numeric,f,
raw,r1c_purchase_lines,,12,sklad_id,uuid,f,
raw,r1c_purchase_lines,,13,_loaded_at,timestamp without time zone,t,
raw,r1c_purchase_lines_2026,,1,document_ref_key,text,f,
raw,r1c_purchase_lines_2026,,2,document_number,text,f,
raw,r1c_purchase_lines_2026,,3,document_date,timestamp without time zone,f,
raw,r1c_purchase_lines_2026,,4,organization_key,text,f,
raw,r1c_purchase_lines_2026,,5,contractor_key,text,f,
raw,r1c_purchase_lines_2026,,6,price_includes_vat,boolean,f,
raw,r1c_purchase_lines_2026,,7,line_number,integer,f,
raw,r1c_purchase_lines_2026,,8,nomenklatura_key,text,f,
raw,r1c_purchase_lines_2026,,9,characteristic_key,text,f,
raw,r1c_purchase_lines_2026,,10,series_key,text,f,
raw,r1c_purchase_lines_2026,,11,quantity,numeric,f,
raw,r1c_purchase_lines_2026,,12,price,numeric,f,
raw,r1c_purchase_lines_2026,,13,amount,numeric,f,
raw,r1c_purchase_lines_2026,,14,vat_rate_key,text,f,
raw,r1c_purchase_lines_2026,,15,vat_amount,numeric,f,
raw,r1c_purchase_lines_2026,,16,amount_with_vat,numeric,f,
raw,r1c_purchase_lines_2026,,17,warehouse_key,text,f,
raw,r1c_putevoy_list,,1,_id,text,t,
raw,r1c_putevoy_list,,2,_deletionmark,boolean,f,
raw,r1c_putevoy_list,,3,_posted,boolean,f,
raw,r1c_putevoy_list,,4,doc_number,text,f,
raw,r1c_putevoy_list,,5,doc_date,timestamp with time zone,f,
raw,r1c_putevoy_list,,6,data_nachala,timestamp with time zone,f,
raw,r1c_putevoy_list,,7,data_okonchaniya,timestamp with time zone,f,
raw,r1c_putevoy_list,,8,tehnika_id,text,f,
raw,r1c_putevoy_list,,9,model_tehniki_id,text,f,
raw,r1c_putevoy_list,,10,voditel_id,text,f,
raw,r1c_putevoy_list,,11,narabotka_moto_chas,"numeric(10,2)",f,
raw,r1c_putevoy_list,,12,probeg_km,"numeric(10,2)",f,
raw,r1c_putevoy_list,,13,toplivo_vydano,"numeric(12,3)",f,
raw,r1c_putevoy_list,,14,toplivo_vozvrat,"numeric(12,3)",f,
raw,r1c_putevoy_list,,15,kommentariy,text,f,
raw,r1c_putevoy_list,,16,_loaded_at,timestamp with time zone,f,
raw,r1c_putevoy_list_lines,,1,_id,text,t,
raw,r1c_putevoy_list_lines,,2,doc_id,text,t,
raw,r1c_putevoy_list_lines,,3,line_number,integer,f,
raw,r1c_putevoy_list_lines,,4,pole_id,text,f,
raw,r1c_putevoy_list_lines,,5,agr_operaciya_id,text,f,
raw,r1c_putevoy_list_lines,,6,edinica_id,text,f,
raw,r1c_putevoy_list_lines,,7,obem_rabot_ga,"numeric(12,4)",f,
raw,r1c_putevoy_list_lines,,8,norma_vyrabotki,"numeric(10,3)",f,
raw,r1c_putevoy_list_lines,,9,_loaded_at,timestamp with time zone,f,
raw,r1c_putevoy_list_lines,,10,vid_raboty_id,uuid,f,
raw,r1c_putevoy_list_lines,,11,oborudovanie_id,uuid,f,
raw,r1c_putevoy_list_lines,,12,den_raboty,date,f,
raw,r1c_putevoy_list_lines,,13,gektarov,"numeric(12,4)",f,
raw,r1c_putevoy_list_lines,,14,tonn,"numeric(12,4)",f,
raw,r1c_putevoy_list_lines,,15,kilometrov,"numeric(12,4)",f,
raw,r1c_putevoy_list_lines,,16,dop_obem_rabot,"numeric(12,4)",f,
raw,r1c_putevoy_list_lines,,17,edinica_dop_obema_id,uuid,f,
raw,r1c_putevoy_list_lines,,18,norma_rashoda_gsm,"numeric(12,4)",f,
raw,r1c_putevoy_list_lines,,19,norma_rashoda_gsm_ed,text,f,
raw,r1c_putevoy_list_lines,,20,normativny_raskhod_gsm,"numeric(14,4)",f,
raw,r1c_putevoy_list_lines,,21,chasov,"numeric(10,3)",f,
raw,r1c_putevoy_list_lines,,22,chasov_po_norme,"numeric(10,3)",f,
raw,r1c_putevoy_list_lines,,23,mototochas,"numeric(10,3)",f,
raw,r1c_putevoy_list_lines,,24,osnovnaya_zp,"numeric(14,2)",f,
raw,r1c_putevoy_list_lines,,25,itogo_zp,"numeric(14,2)",f,
raw,r1c_putevoy_list_lines,,26,tip_zatrat,text,f,
raw,r1c_putevoy_list_lines,,27,analitika_raskhodov_id,uuid,f,
raw,r1c_putevoy_list_lines,,28,klyuch_svyazi,uuid,f,
raw,r1c_sh_tehnika,,1,_id,text,t,
raw,r1c_sh_tehnika,,2,_deletionmark,boolean,f,
raw,r1c_sh_tehnika,,3,description,text,f,
raw,r1c_sh_tehnika,,4,manufacturer,text,f,
raw,r1c_sh_tehnika,,5,equipment_class,text,f,
raw,r1c_sh_tehnika,,6,power_hp,"numeric(8,2)",f,
raw,r1c_sh_tehnika,,7,_loaded_at,timestamp with time zone,f,
raw,r1c_struktura_predpriyatiya,,1,ref_key,uuid,t,
raw,r1c_struktura_predpriyatiya,,2,code,text,f,
raw,r1c_struktura_predpriyatiya,,3,description,text,f,
raw,r1c_struktura_predpriyatiya,,4,apk_pole_key,uuid,f,
raw,r1c_struktura_predpriyatiya,,5,deletion_mark,boolean,f,
raw,r1c_struktura_predpriyatiya,,6,_loaded_at,timestamp with time zone,f,
raw,r1c_struktura_predpriyatiya,,7,apk_harvest_year,integer,f,АпкГодУрожая из Catalog_СтруктураПредприятия (1С OData).
raw,r1c_struktura_predpriyatiya,,8,status,text,f,Статус элемента структуры предприятия из 1С OData.
raw,r1c_struktura_predpriyatiya_stage,,1,ref_key,uuid,f,
raw,r1c_struktura_predpriyatiya_stage,,2,code,text,f,
raw,r1c_struktura_predpriyatiya_stage,,3,description,text,f,
raw,r1c_struktura_predpriyatiya_stage,,4,apk_pole_key,uuid,f,
raw,r1c_struktura_predpriyatiya_stage,,5,deletion_mark,boolean,f,
raw,r1c_tech_operations,,1,_id,text,t,
raw,r1c_tech_operations,,2,_deletionmark,boolean,f,
raw,r1c_tech_operations,,3,description,text,f,
raw,r1c_tech_operations,,4,parent_id,text,f,
raw,r1c_tech_operations,,5,operation_kind,text,f,
raw,r1c_tech_operations,,6,_loaded_at,timestamp with time zone,f,
raw,r1c_tok_vzveshivanie,,1,_id,uuid,t,
raw,r1c_tok_vzveshivanie,,2,_deletionmark,boolean,f,
raw,r1c_tok_vzveshivanie,,3,_posted,boolean,f,
raw,r1c_tok_vzveshivanie,,4,doc_number,text,f,
raw,r1c_tok_vzveshivanie,,5,doc_date,timestamp without time zone,f,
raw,r1c_tok_vzveshivanie,,6,vid_vzveshivaniya,text,f,
raw,r1c_tok_vzveshivanie,,7,otkuda_id,text,f,
raw,r1c_tok_vzveshivanie,,8,kuda_id,text,f,
raw,r1c_tok_vzveshivanie,,9,nomenklatura_id,text,f,
raw,r1c_tok_vzveshivanie,,10,voditel_id,uuid,f,
raw,r1c_tok_vzveshivanie,,11,avtomobil_id,uuid,f,
raw,r1c_tok_vzveshivanie,,12,ves_tary_kg,"numeric(18,3)",f,
raw,r1c_tok_vzveshivanie,,13,ves_brutto_kg,"numeric(18,3)",f,
raw,r1c_tok_vzveshivanie,,14,ves_netto_kg,"numeric(18,3)",f,
raw,r1c_tok_vzveshivanie,,15,avtor_id,uuid,f,
raw,r1c_tok_vzveshivanie,,16,_loaded_at,timestamp without time zone,f,
raw,r1c_tok_vzveshivanie_talony,,1,_id,text,t,
raw,r1c_tok_vzveshivanie_talony,,2,doc_id,uuid,t,
raw,r1c_tok_vzveshivanie_talony,,3,line_number,integer,f,
raw,r1c_tok_vzveshivanie_talony,,4,pole_id,uuid,f,
raw,r1c_tok_vzveshivanie_talony,,5,nomer_talona,text,f,
raw,r1c_tok_vzveshivanie_talony,,6,tip_talona,text,f,
raw,r1c_tok_vzveshivanie_talony,,7,massa_kg,"numeric(18,3)",f,
raw,r1c_tok_vzveshivanie_talony,,8,kombayn_id,uuid,f,
raw,r1c_tok_vzveshivanie_talony,,9,mehanizator_id,uuid,f,
raw,r1c_tok_vzveshivanie_talony,,10,obem_bunkera,"numeric(18,3)",f,
raw,r1c_tok_vzveshivanie_talony,,11,procent_zapolneniya,"numeric(6,2)",f,
raw,r1c_tok_vzveshivanie_talony,,12,_loaded_at,timestamp without time zone,f,
raw,r1c_uom,,1,_id,text,t,
raw,r1c_uom,,2,_deletionmark,boolean,f,
raw,r1c_uom,,3,description,text,f,
raw,r1c_uom,,4,code,text,f,
raw,r1c_uom,,5,_loaded_at,timestamp with time zone,f,
raw,r1c_upakovki,,1,_id,text,t,
raw,r1c_upakovki,,2,_deletionmark,boolean,f,
raw,r1c_upakovki,,3,description,text,f,
raw,r1c_upakovki,,4,code,text,f,
raw,r1c_upakovki,,5,weight_kg,"numeric(12,4)",f,
raw,r1c_upakovki,,6,volume_l,"numeric(12,4)",f,
raw,r1c_upakovki,,7,_loaded_at,timestamp with time zone,f,
raw,r1c_warehouse_rooms,,1,_id,text,t,
raw,r1c_warehouse_rooms,,2,_deletionmark,boolean,f,
raw,r1c_warehouse_rooms,,3,description,text,f,
raw,r1c_warehouse_rooms,,4,warehouse_id,text,f,
raw,r1c_warehouse_rooms,,5,_loaded_at,timestamp with time zone,f,
raw,r1c_warehouses,,1,Ref_Key,text,f,
raw,r1c_warehouses,,2,DataVersion,text,f,
raw,r1c_warehouses,,3,DeletionMark,text,f,
raw,r1c_warehouses,,4,Parent_Key,text,f,
raw,r1c_warehouses,,5,IsFolder,text,f,
raw,r1c_warehouses,,6,Description,text,f,
raw,r1c_warehouses,,7,ВыборГруппы,text,f,
raw,r1c_warehouses,,8,ИспользоватьАдресноеХранение,text,f,
raw,r1c_warehouses,,9,ИспользоватьАдресноеХранениеС,text,f,
raw,r1c_warehouses,,10,ИспользоватьОрдернуюСхемуПриО,text,f,
raw,r1c_warehouses,,11,ИспользоватьОрдернуюСхемуПриО_1,text,f,
raw,r1c_warehouses,,12,ИспользоватьОрдернуюСхемуПриП,text,f,
raw,r1c_warehouses,,13,ИспользоватьСерииНоменклатуры,text,f,
raw,r1c_warehouses,,14,ИспользоватьСкладскиеПомещени,text,f,
raw,r1c_warehouses,,15,Календарь_Key,text,f,
raw,r1c_warehouses,,16,КонтролироватьОперативныеОста,text,f,
raw,r1c_warehouses,,17,НастройкаАдресногоХранения,text,f,
raw,r1c_warehouses,,18,Подразделение_Key,text,f,
raw,r1c_warehouses,,19,БизнесРегион_Key,text,f,
raw,r1c_warehouses,,20,РозничныйВидЦены_Key,text,f,
raw,r1c_warehouses,,21,ТекущаяДолжностьОтветственног,text,f,
raw,r1c_warehouses,,22,ТекущийОтветственный_Key,text,f,
raw,r1c_warehouses,,23,ТипСклада,text,f,
raw,r1c_warehouses,,24,УровеньОбслуживания,text,f,
raw,r1c_warehouses,,25,УчетныйВидЦены_Key,text,f,
raw,r1c_warehouses,,26,НачинатьОтгрузкуПослеФормиров,text,f,
raw,r1c_warehouses,,27,ИспользованиеРабочихУчастков,text,f,
raw,r1c_warehouses,,28,ИсточникИнформацииОЦенахДляПе,text,f,
raw,r1c_warehouses,,29,ИспользоватьСтатусыРасходныхО,text,f,
raw,r1c_warehouses,,30,ИспользоватьСтатусыПриходныхО,text,f,
raw,r1c_warehouses,,31,ИспользоватьСтатусыПересчетов,text,f,
raw,r1c_warehouses,,32,ДатаНачалаОрдернойСхемыПриОтг,text,f,
raw,r1c_warehouses,,33,ДатаНачалаОрдернойСхемыПриПос,text,f,
raw,r1c_warehouses,,34,ДатаНачалаОрдернойСхемыПриОтр,text,f,
raw,r1c_warehouses,,35,ДатаНачалаИспользованияСкладс,text,f,
raw,r1c_warehouses,,36,ДатаНачалаАдресногоХраненияОс,text,f,
raw,r1c_warehouses,,37,АпкНастройкаСклада,text,f,
raw,r1c_warehouses,,38,УчитыватьСебестоимостьПоСерия,text,f,
raw,r1c_warehouses,,39,КонтролироватьСвободныеОстатк,text,f,
raw,r1c_warehouses,,40,СкладОтветственногоХранения,text,f,
raw,r1c_warehouses,,41,ВидПоклажедержателя,text,f,
raw,r1c_warehouses,,42,Поклажедержатель,text,f,
raw,r1c_warehouses,,43,Поклажедержатель_Type,text,f,
raw,r1c_warehouses,,44,СрокОтветственногоХранения,text,f,
raw,r1c_warehouses,,45,ОтветственноеХранениеДоВостре,text,f,
raw,r1c_warehouses,,46,ОсобыеОтметки,text,f,
raw,r1c_warehouses,,47,УсловияХраненияТоваров,text,f,
raw,r1c_warehouses,,48,АпкТранспортноеСредство_Key,text,f,
raw,r1c_warehouses,,49,ЦеховаяКладовая,text,f,
raw,r1c_warehouses,,50,ВМагазинеПоддерживаетсяСборка,text,f,
raw,r1c_warehouses,,51,ВМагазинеПоддерживаетсяДостав,text,f,
raw,r1c_warehouses,,52,СпособСозданияРеализацииПриСб,text,f,
raw,r1c_warehouses,,53,СпособФискализацииПриДоставке,text,f,
raw,r1c_warehouses,,54,СборкаИДоставкаВыполняетсяОдн,text,f,
raw,r1c_warehouses,,55,КурьерыМогутНазначатьСебеЗака,text,f,
raw,r1c_warehouses,,56,СборщикиМогутНазначатьСебеЗак,text,f,
raw,r1c_warehouses,,57,НормативныйСрокДоставкиЗаказо,text,f,
raw,r1c_warehouses,,58,КурьерыИспользуютЭквайринговы,text,f,
raw,r1c_warehouses,,59,КурьерыИспользуютАвтономныеКК,text,f,
raw,r1c_warehouses,,60,ДатаНачалаСборкиЗаказов,text,f,
raw,r1c_warehouses,,61,ДатаНачалаДоставкиСвоимиКурье,text,f,
raw,r1c_warehouses,,62,ГруппировкаТоваров,text,f,
raw,r1c_warehouses,,63,ИндивидуальныйВидЦены_Key,text,f,
raw,r1c_warehouses,,64,КонтролироватьКачествоПоступи,text,f,
raw,r1c_warehouses,,65,НаименованиеЯзык1,text,f,
raw,r1c_warehouses,,66,НаименованиеЯзык2,text,f,
raw,r1c_warehouses,,67,КонтактнаяИнформация,text,f,
raw,r1c_warehouses,,68,ДополнительныеРеквизиты,text,f,
raw,r1c_warehouses,,69,Predefined,text,f,
raw,r1c_warehouses,,70,PredefinedDataName,text,f,
raw,r1c_waybill,,1,_id,text,t,
raw,r1c_waybill,,2,_deletionmark,boolean,f,
raw,r1c_waybill,,3,_posted,boolean,f,
raw,r1c_waybill,,4,doc_number,text,f,
raw,r1c_waybill,,5,doc_date,date,f,
raw,r1c_waybill,,6,vehicle_id,text,f,
raw,r1c_waybill,,7,driver_id,text,f,
raw,r1c_waybill,,8,fuel_card_id,text,f,
raw,r1c_waybill,,9,fuel_qty,"numeric(12,3)",f,
raw,r1c_waybill,,10,_loaded_at,timestamp with time zone,f,
raw,r1c_zapravochnaya_vedomost,,1,_id,uuid,t,
raw,r1c_zapravochnaya_vedomost,,2,_deletionmark,boolean,f,
raw,r1c_zapravochnaya_vedomost,,3,_posted,boolean,f,
raw,r1c_zapravochnaya_vedomost,,4,doc_number,text,f,
raw,r1c_zapravochnaya_vedomost,,5,doc_date,timestamp with time zone,f,
raw,r1c_zapravochnaya_vedomost,,6,organizaciya_id,uuid,f,
raw,r1c_zapravochnaya_vedomost,,7,podrazdelenie_id,uuid,f,
raw,r1c_zapravochnaya_vedomost,,8,sklad_id,uuid,f,
raw,r1c_zapravochnaya_vedomost,,9,tehnika_id,uuid,f,
raw,r1c_zapravochnaya_vedomost,,10,avtor_id,uuid,f,
raw,r1c_zapravochnaya_vedomost,,11,sotrudnik_id,uuid,f,
raw,r1c_zapravochnaya_vedomost,,12,kommentariy,text,f,
raw,r1c_zapravochnaya_vedomost,,13,vydacha_s_toplivozapravschika,boolean,f,
raw,r1c_zapravochnaya_vedomost,,14,naemnoe_ts,boolean,f,
raw,r1c_zapravochnaya_vedomost,,15,partner_id,uuid,f,
raw,r1c_zapravochnaya_vedomost,,16,soglashenie_id,uuid,f,
raw,r1c_zapravochnaya_vedomost,,17,_loaded_at,timestamp with time zone,f,
raw,r1c_zapravochnaya_vedomost_gsm,,1,doc_id,uuid,t,
raw,r1c_zapravochnaya_vedomost_gsm,,2,line_number,integer,t,
raw,r1c_zapravochnaya_vedomost_gsm,,3,line_date,date,f,
raw,r1c_zapravochnaya_vedomost_gsm,,4,line_time,time without time zone,f,
raw,r1c_zapravochnaya_vedomost_gsm,,5,marka_topliva_id,uuid,f,
raw,r1c_zapravochnaya_vedomost_gsm,,6,kolichestvo,"numeric(12,3)",f,
raw,r1c_zapravochnaya_vedomost_gsm,,7,line_tehnika_id,uuid,f,
raw,r1c_zapravochnaya_vedomost_gsm,,8,line_sotrudnik_id,uuid,f,
raw,r1c_zapravochnaya_vedomost_gsm,,9,_loaded_at,timestamp with time zone,f,
raw,v_purchase_nomenclature_classification,,1,nomenklatura_id,text,f,
raw,v_purchase_nomenclature_classification,,2,nomenclature_name,text,f,
raw,v_purchase_nomenclature_classification,,3,nomenclature_code,text,f,
raw,v_purchase_nomenclature_classification,,4,parent_id,text,f,
raw,v_purchase_nomenclature_classification,,5,unit_id,text,f,
raw,v_purchase_nomenclature_classification,,6,nomenclature_type_id,text,f,
raw,v_purchase_nomenclature_classification,,7,is_folder,boolean,f,
raw,v_purchase_nomenclature_classification,,8,_deletionmark,boolean,f,
raw,v_purchase_nomenclature_classification,,9,input_category,text,f,
raw,v_purchase_nomenclature_classification,,10,fuel_kind,text,f,
raw,v_purchase_nomenclature_classification,,11,is_liquid_fuel,boolean,f,
raw,v_purchase_nomenclature_classification,,12,is_engine_oil,boolean,f,
raw,v_purchase_nomenclature_classification,,13,is_seed_for_planting,boolean,f,
raw,v_purchase_nomenclature_classification,,14,classification_rule,text,f,
raw,v_purchase_nomenclature_classification,,15,_classified_at,timestamp with time zone,f,
