category,source_table,object_id,object_code,original_name,full_name,parent_id,is_folder,deletion_mark
Номенклатура — расширенная,raw.r1c_nomenclature,c3de51fa-08a7-11ef-9c4f-005056893620,00-00010474,Элемент фильтрующий МТЗ масляный в КПП (45 шт комплект),Элемент фильтрующий МТЗ масляный в КПП (45 шт комплект),9b060c03-71d9-11e7-85a2-d43d7eec442d,false,false
Номенклатура — расширенная,raw.r1c_nomenclature,7969b4dd-73a0-11e8-af41-30f7727a492e,00-00000937,Элемент фильтрующий МТЗ масляный гидросистемы ЛААЗ,Элемент фильтрующий МТЗ масляный гидросистемы ЛААЗ,9b060c03-71d9-11e7-85a2-d43d7eec442d,false,false
Номенклатура — расширенная,raw.r1c_nomenclature,c9fbf90c-8a45-11ec-9c42-00505689c8d9,00-00006128,Элемент фильтрующий ТОПЛ.нить. ЕКО 03.52.201.1105040,Элемент фильтрующий ТОПЛ.нить. ЕКО 03.52.201.1105040,9b060c03-71d9-11e7-85a2-d43d7eec442d,false,false
Номенклатура — расширенная,raw.r1c_nomenclature,f0f11e0e-9a43-11ec-9c42-00505689c8d9,00-00006280,Элемент фильтрующий ЯМЗ топлив. грубой очистки х/б пряжа КОСТРОМСКОЙ ФИЛЬТР,Элемент фильтрующий ЯМЗ топлив. грубой очистки х/б пряжа КОСТРОМСКОЙ ФИЛЬТР,9b060c03-71d9-11e7-85a2-d43d7eec442d,false,false
Номенклатура — расширенная,raw.r1c_nomenclature,3af97900-9a44-11ec-9c42-00505689c8d9,00-00006281,Элемент фильтрующий ЯМЗ топлив.тонкой очистки DIFA 201-1117040,Элемент фильтрующий ЯМЗ топлив.тонкой очистки DIFA 201-1117040,9b060c03-71d9-11e7-85a2-d43d7eec442d,false,false
Номенклатура — расширенная,raw.r1c_nomenclature,cf8e0f62-9a44-11ec-9c42-00505689c8d9,00-00006282,Элемент фильтрующий ЯМЗ-238.240.8401 масляный тонкой очистки EKOFIL 240-1017040-A2 EKO-0252,Элемент фильтрующий ЯМЗ-238.240.8401 масляный тонкой очистки EKOFIL 240-1017040-A2 EKO-0252,9b060c03-71d9-11e7-85a2-d43d7eec442d,false,false
Номенклатура — расширенная,raw.r1c_nomenclature,c713f850-3b59-11ee-9c4e-00505689ff45,00-00008504,Элемент фильтрующий воздушный К-701,Элемент фильтрующий воздушный К-701,9b060c03-71d9-11e7-85a2-d43d7eec442d,false,false
Номенклатура — расширенная,raw.r1c_nomenclature,81db0ebc-0e7f-11ee-9c4e-00505689ff45,00-00008176,Элемент фильтрующий воздушный НФ-113.114н МАЗ,Элемент фильтрующий воздушный НФ-113.114н МАЗ,9b060c03-71d9-11e7-85a2-d43d7eec442d,false,false
Номенклатура — расширенная,raw.r1c_nomenclature,85dea281-8a45-11ec-9c42-00505689c8d9,00-00006127,"Элемент фильтрующий масл.. ЕКО 02.24/02.26 для  ЗИЛ-5301,МТЗ","Элемент фильтрующий масл.. ЕКО 02.24/02.26 для  ЗИЛ-5301,МТЗ",9b060c03-71d9-11e7-85a2-d43d7eec442d,false,false
Номенклатура — расширенная,raw.r1c_nomenclature,55429fab-4e36-11ed-9c43-cb6d75bb653b,00-00007300,Элемент фильтрующий масл.И-413 240-1017040-АЗ,Элемент фильтрующий масл.И-413 240-1017040-АЗ,9b060c03-71d9-11e7-85a2-d43d7eec442d,false,false
Номенклатура — расширенная,raw.r1c_nomenclature,016724b3-622b-11ec-9c40-00505689c8d9,АК-00005812,"Элемент фильтрующий масляный. ЕКО-02,43 ЕКО-202  ГАЗ 52","Элемент фильтрующий масляный. ЕКО-02,43 ЕКО-202  ГАЗ 52",9b060c03-71d9-11e7-85a2-d43d7eec442d,false,false
Номенклатура — расширенная,raw.r1c_nomenclature,b6d1be64-99bc-11ea-952a-30f7727a492e,00-00002710,Элемент фильтрующий очистки топл.ЯМЗ,Элемент фильтрующий очистки топл.ЯМЗ,9b060c03-71d9-11e7-85a2-d43d7eec442d,false,false
Номенклатура — расширенная,raw.r1c_nomenclature,b6d1be65-99bc-11ea-952a-30f7727a492e,00-00002711,Элемент фильтрующий топлив. грубой сч.ЯМЗ,Элемент фильтрующий топлив. грубой сч.ЯМЗ,9b060c03-71d9-11e7-85a2-d43d7eec442d,false,false
Номенклатура — расширенная,raw.r1c_nomenclature,a93f72f0-1422-11ee-9c4e-00505689ff45,00-00008243,Элемент фильтрующий топливный W962/12/03/38/T6109/ST357,Элемент фильтрующий топливный W962/12/03/38/T6109/ST357,9b060c03-71d9-11e7-85a2-d43d7eec442d,false,false
Номенклатура — расширенная,raw.r1c_nomenclature,cd6e5e08-3af8-11ef-9c59-00505689ff45,00-00010682,"Эмаль ""Стакрил""","Эмаль ""Стакрил""",9088eead-75dc-11e7-af18-30f7727a492e,false,false
Номенклатура — расширенная,raw.r1c_nomenclature,30193fc7-2857-11ed-9c43-cb6d75bb653b,00-00007118,Эмаль НЦ-132 черная,Эмаль НЦ-132 черная,9088eead-75dc-11e7-af18-30f7727a492e,false,false
Номенклатура — расширенная,raw.r1c_nomenclature,b043d665-32ba-11f1-b81f-005056bde474,00-00013997,"Эмаль ПФ-115 2,7 кг","Эмаль ПФ-115 2,7 кг",9088eead-75dc-11e7-af18-30f7727a492e,false,false
Номенклатура — расширенная,raw.r1c_nomenclature,8825cf0a-18ad-11ed-9c43-cb6d75bb653b,00-00006941,Эмаль ПФ-115 Крафор красная,Эмаль ПФ-115 белая,9088eead-75dc-11e7-af18-30f7727a492e,false,false
Номенклатура — расширенная,raw.r1c_nomenclature,63794822-e154-11ea-8696-fa163ee5d2f9,БП-00002938,Эмаль ПФ-115 белая,Эмаль ПФ-115 белая,9088eead-75dc-11e7-af18-30f7727a492e,false,false
Номенклатура — расширенная,raw.r1c_nomenclature,882d9aa4-ed90-11ec-9c42-89a3dcc9992a,00-00006691,Эмаль ПФ-115 белая глянцевая,Эмаль ПФ-115 белая глянцевая,9088eead-75dc-11e7-af18-30f7727a492e,false,false
Номенклатура — расширенная,raw.r1c_nomenclature,519c52de-e154-11ea-8696-fa163ee5d2f9,БП-00002937,Эмаль ПФ-115 коричневая,Эмаль ПФ-115 коричневая,9088eead-75dc-11e7-af18-30f7727a492e,false,false
Номенклатура — расширенная,raw.r1c_nomenclature,97bc4426-f62c-11e9-9519-30f7727a492e,00-00002125,Эмаль ПФ-115 св.голубая,Эмаль ПФ-115 св.голубая,9088eead-75dc-11e7-af18-30f7727a492e,false,false
Номенклатура — расширенная,raw.r1c_nomenclature,b3b3ca3b-ed90-11ec-9c42-89a3dcc9992a,00-00006692,Эмаль ПФ-115 синяя,Эмаль ПФ-115 синяя,9088eead-75dc-11e7-af18-30f7727a492e,false,false
Номенклатура — расширенная,raw.r1c_nomenclature,6eb56eb6-23d8-11ed-9c43-cb6d75bb653b,00-00007037,Эмаль ПФ-115 цветная,Эмаль ПФ-115 цветная,9088eead-75dc-11e7-af18-30f7727a492e,false,false
Номенклатура — расширенная,raw.r1c_nomenclature,5e58bc02-d03b-11eb-5d99-fa163e0d31f7,БП-00004236,Эмаль акриловая ,Эмаль акриловая ,9088eead-75dc-11e7-af18-30f7727a492e,false,false
Номенклатура — расширенная,raw.r1c_nomenclature,97aa843e-4bed-11ec-9c40-00505689c8d9,АК-00005666,Эмаль алкидная KUDO белая матовая 520мл,Эмаль акриловая ,9088eead-75dc-11e7-af18-30f7727a492e,false,false
Номенклатура — расширенная,raw.r1c_nomenclature,981f2a57-25d1-11ed-9c43-cb6d75bb653b,00-00007073,Эмаль алкидная ПФ-115 бирюзовый,Эмаль алкидная ПФ-115 бирюзовый,9088eead-75dc-11e7-af18-30f7727a492e,false,false
Номенклатура — расширенная,raw.r1c_nomenclature,7066d108-25d1-11ed-9c43-cb6d75bb653b,00-00007072,Эмаль алкидная ПФ-115 светло-серый,Эмаль алкидная ПФ-115 светло-серый,9088eead-75dc-11e7-af18-30f7727a492e,false,false
Номенклатура — расширенная,raw.r1c_nomenclature,fd21f288-5659-11eb-1f84-fa163e0d31f7,БП-00003584,Эмаль аэрозольная,Эмаль аэрозольная,9088eead-75dc-11e7-af18-30f7727a492e,false,false
Номенклатура — расширенная,raw.r1c_nomenclature,c196aeea-5a16-11ef-9c59-00505689ff45,00-00010838,Эмаль аэрозольная 520мл белый глянцевый,Эмаль аэрозольная 520мл белый глянцевый,9088eead-75dc-11e7-af18-30f7727a492e,false,false
Номенклатура — расширенная,raw.r1c_nomenclature,f3ab8b07-bfba-11ec-9c42-00505689c8d9,00-00006467,"Эместо Квантум,КС","Эместо Квантум,КС",668204c4-5324-11f0-b811-005056bde474,false,false
Номенклатура — расширенная,raw.r1c_nomenclature,e4c2142a-f524-11eb-9c3a-00505689ff45,АК-00003832,Эминент Инсектицид,Эминент Инсектицид,2eaeac4d-5322-11f0-b811-005056bde474,false,false
Номенклатура — расширенная,raw.r1c_nomenclature,f649d1f0-bded-11eb-b480-fa163e0d31f7,БП-00004006,"Энергоаккумулятор KAМАЗ ЕВРО-2,3 МАЗ 3024 SORL 25-3519301","Энергоаккумулятор KAМАЗ ЕВРО-2,3 МАЗ 3024 SORL 25-3519301",9b060c03-71d9-11e7-85a2-d43d7eec442d,false,false
Номенклатура — расширенная,raw.r1c_nomenclature,3404d5fd-000b-11ec-9c3a-00505689ff45,АК-00003940,Энергоаккумулятор ТИП 20*20 ,Энергоаккумулятор ТИП 20*20 ,9b060c03-71d9-11e7-85a2-d43d7eec442d,false,false
Номенклатура — расширенная,raw.r1c_nomenclature,a18645bb-2521-11ec-a9db-00505689f463,АК-00005387,Энергоаккумулятор ТИП 24*24 100-3519200 ,Энергоаккумулятор ТИП 24*24 100-3519200 ,9b060c03-71d9-11e7-85a2-d43d7eec442d,false,false
Номенклатура — расширенная,raw.r1c_nomenclature,e4c2142b-f524-11eb-9c3a-00505689ff45,АК-00003833,Энлиль Инсектицид,Энлиль Инсектицид,f9d67774-531d-11f0-b811-005056bde474,false,false
Номенклатура — расширенная,raw.r1c_nomenclature,299c69a1-f2dc-11eb-9c3a-00505689ff45,АК-00003297,"Эскудо, ВДГ Гербицид ","Эскудо, ВДГ Гербицид ",5e0b1519-531c-11f0-b811-005056bde474,false,false
Номенклатура — расширенная,raw.r1c_nomenclature,e4c2142c-f524-11eb-9c3a-00505689ff45,АК-00003834,Эсперо Инсектицид,Эсперо Инсектицид,f9d67774-531d-11f0-b811-005056bde474,false,false
Номенклатура — расширенная,raw.r1c_nomenclature,5bef17d6-250f-11ec-a9db-00505689f463,АК-00005371,Эссентрик 33338000,Эссентрик 33338000,9b060c03-71d9-11e7-85a2-d43d7eec442d,false,false
Номенклатура — расширенная,raw.r1c_nomenclature,10a5b2f7-76c7-11e7-af18-30f7727a492e,00-00000111,Этикет-лента термо,Этикет-лента термо,104f1926-4215-11f1-b821-005056bde474,false,false
Номенклатура — расширенная,raw.r1c_nomenclature,b5bad002-f570-11f0-b81e-005056bde474,00-00013430,Этикетки для термопринтера,Этикетки для термопринтера,104f1926-4215-11f1-b821-005056bde474,false,false
Номенклатура — расширенная,raw.r1c_nomenclature,e4c2142d-f524-11eb-9c3a-00505689ff45,АК-00003835,Эфория КС  Инсектицид,Эфория КС Инсектицид,f9d67774-531d-11f0-b811-005056bde474,false,false
Номенклатура — расширенная,raw.r1c_nomenclature,e4c2142e-f524-11eb-9c3a-00505689ff45,АК-00003836,Юниформ Инсектицид,Юниформ Инсектицид,668204c4-5324-11f0-b811-005056bde474,false,false
Номенклатура — расширенная,raw.r1c_nomenclature,854491c2-bc6d-11ef-9c5f-00505689ff45,00-00011504,Юридические услуги,Юридические услуги,1aeb231b-094c-11f0-b80e-005056bde474,false,false
Номенклатура — расширенная,raw.r1c_nomenclature,a73b9252-c7cf-11e9-af79-30f7727a492e,00-00001949,Яблоко упорное  77.32.108,Яблоко упорное  77.32.108,9b060c03-71d9-11e7-85a2-d43d7eec442d,false,false
Номенклатура — расширенная,raw.r1c_nomenclature,96a3d778-2ae8-11ec-b9a9-00505689914b,АК-00005450,Якорь стартера,Якорь стартера,9b060c03-71d9-11e7-85a2-d43d7eec442d,false,false
Номенклатура — расширенная,raw.r1c_nomenclature,abb15458-17dd-11ed-9c43-cb6d75bb653b,00-00006892,ЯрПена Средство для бесконтактной мойки CHERPY ПРСБП_СН022,ЯрПена Средство для бесконтактной мойки CHERPY ПРСБП_СН022,9b060c02-71d9-11e7-85a2-d43d7eec442d,false,false
Номенклатура — расширенная,raw.r1c_nomenclature,f7580e2c-e531-11ee-9c4c-005056893620,00-00010286,Ящик  650х415х395мм ,Ящик  650х415х395мм ,47267178-4216-11f1-b821-005056bde474,false,false
Номенклатура — расширенная,raw.r1c_nomenclature,abf7cbf5-39bf-11ea-9523-30f7727a492e,00-00002389,Ящик 600х400х200 мм сплошной мясо-молочный ПЭНД (м/м 2.1(2),Ящик 600х400х200 мм сплошной мясо-молочный ПЭНД (м/м 2.1(2),47267178-4216-11f1-b821-005056bde474,false,false
Номенклатура — расширенная,raw.r1c_nomenclature,9c346efa-a0d5-11ee-9c4c-005056893620,00-00009973,Ящик для инструментов,Ящик для инструментов,f7164898-2ffe-11eb-af80-fa163e0d31f7,false,false
Номенклатура — расширенная,raw.r1c_nomenclature,90923d48-692e-11f0-b811-005056bde474,00-00012586,"Ящик п/э 600х400х140мм сплошной без ручек, серый","Ящик п/э 600х400х140мм сплошной без ручек, серый",9b060c15-71d9-11e7-85a2-d43d7eec442d,false,false
Номенклатура — расширенная,raw.r1c_nomenclature,285dc639-fe2d-11ed-9c4e-00505689ff45,00-00008054,Ящик пластиковый черный 600х400х200мм ,Ящик пластиковый черный 600х400х200мм ,f0e4c260-a130-11e8-af4c-30f7727a492e,false,false
Номенклатура — расширенная,raw.r1c_nomenclature,d93a41fc-72a3-11eb-4886-fa163e0d31f7,БП-00003737,Ящик под овощи из доски 25*100мм,Ящик под овощи из доски 25*100мм,47267178-4216-11f1-b821-005056bde474,false,false
Номенклатура — расширенная,raw.r1c_nomenclature,c266bdac-72a3-11eb-4886-fa163e0d31f7,БП-00003736,Ящик под овощи из доски 40*100мм,Ящик под овощи из доски 40*100мм,47267178-4216-11f1-b821-005056bde474,false,false
Номенклатура — расширенная,raw.r1c_nomenclature,47267178-4216-11f1-b821-005056bde474,00-00014117,Ящики деревянные,,9088eeab-75dc-11e7-af18-30f7727a492e,true,false
Номенклатура — расширенная,raw.r1c_nomenclature,963e3816-5a3e-11ea-ac09-9cb654f2a50f,00-00002505,"водоснабжение,теплоснабжение, водоочистка","водоснабжение,теплоснабжение, водоочистка",34f83445-094c-11f0-b80e-005056bde474,false,false
Номенклатура — расширенная,raw.r1c_nomenclature,6ac3be6d-7409-11ef-9c5d-00505689ff45,00-00011058,возведение перегородки из металлопрофиля,возведение перегородки из металлопрофиля,34f83445-094c-11f0-b80e-005056bde474,false,false
Номенклатура — расширенная,raw.r1c_nomenclature,7969b4ce-73a0-11e8-af41-30f7727a492e,00-00000928,госпошлина,госпошлина,1aeb231b-094c-11f0-b80e-005056bde474,false,false
Номенклатура — расширенная,raw.r1c_nomenclature,c8d254cc-0975-11f0-b80e-005056bde474,00-00011807,сезон 2023,,b019a937-0975-11f0-b80e-005056bde474,true,false
Номенклатура — расширенная,raw.r1c_nomenclature,b851025b-0975-11f0-b80e-005056bde474,00-00011806,сезон 2024,,b019a937-0975-11f0-b80e-005056bde474,true,false
Номенклатура — расширенная,raw.r1c_nomenclature,4ee21677-0976-11f0-b80e-005056bde474,00-00011809,сезон 2025,,b019a937-0975-11f0-b80e-005056bde474,true,false
Номенклатура — расширенная,raw.r1c_nomenclature,86483da3-343f-11f1-b81f-005056bde474,00-00014028,сезон 2026,,b019a937-0975-11f0-b80e-005056bde474,true,false
Номенклатура — расширенная,raw.r1c_nomenclature,6a6294a1-e971-11e8-af5a-30f7727a492e,00-00001357,услуги низкорамным тралом,услуги низкорамным тралом,34f83455-094c-11f0-b80e-005056bde474,false,false
Номенклатура — расширенная,raw.r1c_nomenclature,10a5b2d9-76c7-11e7-af18-30f7727a492e,00-00000085,"услуги связи, интернет","услуги связи, интернет",1aeb231b-094c-11f0-b80e-005056bde474,false,false
Номенклатура — расширенная,raw.r1c_nomenclature,3e9ede6c-1964-11ed-9c43-cb6d75bb653b,00-00006964,фрикционная муфта D=194 (076.04013),фрикционная муфта D=194 (076.04013),9b060c03-71d9-11e7-85a2-d43d7eec442d,false,false
Номенклатура — расширенная,raw.r1c_nomenclature,2cadf2b5-c601-11f0-b81e-005056bde474,00-00012982,я_Урожай 2025,Урожай 2025,00000000-0000-0000-0000-000000000000,false,false
Номенклатура — расширенная,raw.r1c_nomenclature,f37e69bc-7b5d-11eb-9c2e-0050560417d5,00-00003215,яя_1 сорт БеллаРоза РС1 крупный мытый,1 сорт БеллаРоза РС1 крупный мытый,3f205a72-9c53-11eb-9c33-00505689ff45,false,false
Номенклатура — расширенная,raw.r1c_nomenclature,d949423e-7b5d-11eb-9c2e-0050560417d5,00-00003214,яя_1 сорт БеллаРоза РС1 крупный не мытый,1 сорт БеллаРоза РС1 крупный не мытый,3f205a72-9c53-11eb-9c33-00505689ff45,false,false
Номенклатура — расширенная,raw.r1c_nomenclature,35330004-7b5e-11eb-9c2e-0050560417d5,00-00003217,яя_1 сорт БеллаРоза РС1 мелкий мытый,1 сорт БеллаРоза РС1 мелкий мытый,3f205a72-9c53-11eb-9c33-00505689ff45,false,false
Номенклатура — расширенная,raw.r1c_nomenclature,1be2b8b5-7b5e-11eb-9c2e-0050560417d5,00-00003216,яя_1 сорт БеллаРоза РС1 мелкий не мытый,1 сорт БеллаРоза РС1 мелкий не мытый,3f205a72-9c53-11eb-9c33-00505689ff45,false,false
Номенклатура — расширенная,raw.r1c_nomenclature,c1957220-7b5d-11eb-9c2e-0050560417d5,00-00003213,яя_1 сорт БеллаРоза РС1 стандарт мытый,1 сорт БеллаРоза РС1 стандарт мытый,3f205a72-9c53-11eb-9c33-00505689ff45,false,false
Номенклатура — расширенная,raw.r1c_nomenclature,a633e026-7b5d-11eb-9c2e-0050560417d5,00-00003212,яя_1 сорт БеллаРоза РС1 стандарт не мытый,1 сорт БеллаРоза РС1 стандарт не мытый,3f205a72-9c53-11eb-9c33-00505689ff45,false,false
Номенклатура — расширенная,raw.r1c_nomenclature,e7f88558-1620-11ec-9c3a-00505689ff45,АК-00005022,яя_1 сорт БеллаРоза РС2 крупный мытый,1 сорт БеллаРоза РС2 крупный мытый,3f205a72-9c53-11eb-9c33-00505689ff45,false,false
Номенклатура — расширенная,raw.r1c_nomenclature,f37b5ced-1620-11ec-9c3a-00505689ff45,АК-00005023,яя_1 сорт БеллаРоза РС2 крупный не мытый,1 сорт БеллаРоза РС2 крупный не мытый,3f205a72-9c53-11eb-9c33-00505689ff45,false,false
Номенклатура — расширенная,raw.r1c_nomenclature,fd9d518d-1620-11ec-9c3a-00505689ff45,АК-00005024,яя_1 сорт БеллаРоза РС2 мелкий не мытый,1 сорт БеллаРоза РС2 мелкий не мытый,3f205a72-9c53-11eb-9c33-00505689ff45,false,false
Номенклатура — расширенная,raw.r1c_nomenclature,0f88737f-1621-11ec-9c3a-00505689ff45,АК-00005025,яя_1 сорт БеллаРоза РС2 стандарт мытый,1 сорт БеллаРоза РС2 стандарт мытый,3f205a72-9c53-11eb-9c33-00505689ff45,false,false
Номенклатура — расширенная,raw.r1c_nomenclature,d50e48c4-1620-11ec-9c3a-00505689ff45,АК-00005021,яя_1 сорт БеллаРоза РС2 стандарт нельзя мыть,1 сорт БеллаРоза РС2 стандарт не мытый,3f205a72-9c53-11eb-9c33-00505689ff45,false,false
Номенклатура — расширенная,raw.r1c_nomenclature,a1c073ec-01ab-11ec-9c3a-00505689ff45,АК-00004067,яя_1 сорт Вега РС0 крупный мытый,1 сорт Вега РС0 крупный мытый,5072ea7f-9c53-11eb-9c33-00505689ff45,false,false
Номенклатура — расширенная,raw.r1c_nomenclature,aa308224-01ab-11ec-9c3a-00505689ff45,АК-00004068,яя_1 сорт Вега РС0 крупный не мытый,1 сорт Вега РС0 крупный не мытый,5072ea7f-9c53-11eb-9c33-00505689ff45,false,false
Номенклатура — расширенная,raw.r1c_nomenclature,c0966e3d-01ab-11ec-9c3a-00505689ff45,АК-00004071,яя_1 сорт Вега РС0 мелкий мытый,1 сорт Вега РС0 мелкий мытый,5072ea7f-9c53-11eb-9c33-00505689ff45,false,false
Номенклатура — расширенная,raw.r1c_nomenclature,c9a63935-01ab-11ec-9c3a-00505689ff45,АК-00004072,яя_1 сорт Вега РС0 мелкий не мытый,1 сорт Вега РС0 мелкий не мытый,5072ea7f-9c53-11eb-9c33-00505689ff45,false,false
Номенклатура — расширенная,raw.r1c_nomenclature,b7ed281d-01ab-11ec-9c3a-00505689ff45,АК-00004070,яя_1 сорт Вега РС0 стандарт мытый,1 сорт Вега РС0 стандарт мытый,5072ea7f-9c53-11eb-9c33-00505689ff45,false,false
Номенклатура — расширенная,raw.r1c_nomenclature,b13fb49c-01ab-11ec-9c3a-00505689ff45,АК-00004069,яя_1 сорт Вега РС0 стандарт не мытый,1 сорт Вега РС0 стандарт не мытый,5072ea7f-9c53-11eb-9c33-00505689ff45,false,false
Номенклатура — расширенная,raw.r1c_nomenclature,1915b902-16cf-11ec-9c3a-00505689ff45,АК-00005032,яя_1 сорт Вега РС1 крупный мытый,1 сорт Вега РС1 крупный мытый,5072ea7f-9c53-11eb-9c33-00505689ff45,false,false
Номенклатура — расширенная,raw.r1c_nomenclature,267a27c9-16cf-11ec-9c3a-00505689ff45,АК-00005033,яя_1 сорт Вега РС1 крупный не мытый,1 сорт Вега РС1 крупный не мытый,5072ea7f-9c53-11eb-9c33-00505689ff45,false,false
Номенклатура — расширенная,raw.r1c_nomenclature,2fb73f78-16cf-11ec-9c3a-00505689ff45,АК-00005034,яя_1 сорт Вега РС1 мелкий мытый,1 сорт Вега РС1 мелкий мытый,5072ea7f-9c53-11eb-9c33-00505689ff45,false,false
Номенклатура — расширенная,raw.r1c_nomenclature,3c13093e-16cf-11ec-9c3a-00505689ff45,АК-00005035,яя_1 сорт Вега РС1 мелкий не мытый,1 сорт Вега РС1 мелкий не мытый,5072ea7f-9c53-11eb-9c33-00505689ff45,false,false
Номенклатура — расширенная,raw.r1c_nomenclature,42f02bb7-16cf-11ec-9c3a-00505689ff45,АК-00005036,яя_1 сорт Вега РС1 стандарт мытый,1 сорт Вега РС1 стандарт мытый,5072ea7f-9c53-11eb-9c33-00505689ff45,false,false
Номенклатура — расширенная,raw.r1c_nomenclature,5a684461-16cf-11ec-9c3a-00505689ff45,АК-00005037,яя_1 сорт Вега РС1 стандарт нельзя мыть,1 сорт Вега РС1 стандарт не мытый,5072ea7f-9c53-11eb-9c33-00505689ff45,false,false
Номенклатура — расширенная,raw.r1c_nomenclature,8bbc62ae-7b2e-11eb-9c2e-0050560417d5,00-00003185,яя_1 сорт Вега РС2 крупный мытый,1 сорт Вега РС2 крупный мытый,5072ea7f-9c53-11eb-9c33-00505689ff45,false,false
Номенклатура — расширенная,raw.r1c_nomenclature,556baf64-7b2e-11eb-9c2e-0050560417d5,00-00003184,яя_1 сорт Вега РС2 крупный не мытый,1 сорт Вега РС2 крупный не мытый,5072ea7f-9c53-11eb-9c33-00505689ff45,false,false
Номенклатура — расширенная,raw.r1c_nomenclature,c1616c64-7b2e-11eb-9c2e-0050560417d5,00-00003187,яя_1 сорт Вега РС2 мелкий мытый,1 сорт Вега РС2 мелкий мытый,5072ea7f-9c53-11eb-9c33-00505689ff45,false,false
Номенклатура — расширенная,raw.r1c_nomenclature,a31335f4-7b2e-11eb-9c2e-0050560417d5,00-00003186,яя_1 сорт Вега РС2 мелкий не мытый,1 сорт Вега РС2 мелкий не мытый,5072ea7f-9c53-11eb-9c33-00505689ff45,false,false
Номенклатура — расширенная,raw.r1c_nomenclature,e8b271ec-7b2d-11eb-9c2e-0050560417d5,00-00003183,яя_1 сорт Вега РС2 стандарт мытый,1 сорт Вега РС2 стандарт мытый,5072ea7f-9c53-11eb-9c33-00505689ff45,false,false
Номенклатура — расширенная,raw.r1c_nomenclature,6a38e7db-7b2d-11eb-9c2e-0050560417d5,00-00003182,яя_1 сорт Вега РС2 стандарт не мытый,1 сорт Вега РС2 стандарт не мытый,5072ea7f-9c53-11eb-9c33-00505689ff45,false,false
Номенклатура — расширенная,raw.r1c_nomenclature,e0f89fcb-7a8d-11eb-9c2e-0050560417d5,00-00003161,яя_1 сорт Гала РС1 крупный мытый,1 сорт Гала РС1 крупный мытый,894987c2-9c53-11eb-9c33-00505689ff45,false,false
Номенклатура — расширенная,raw.r1c_nomenclature,bc25768a-7a8d-11eb-9c2e-0050560417d5,00-00003160,яя_1 сорт Гала РС1 крупный не мытый,1 сорт Гала РС1 крупный не мытый,894987c2-9c53-11eb-9c33-00505689ff45,false,false
Номенклатура — расширенная,raw.r1c_nomenclature,1f744717-7a8e-11eb-9c2e-0050560417d5,00-00003163,яя_1 сорт Гала РС1 мелкий мытый,1 сорт Гала РС1 мелкий мытый	,894987c2-9c53-11eb-9c33-00505689ff45,false,false
Номенклатура — расширенная,raw.r1c_nomenclature,00733ffa-7a8e-11eb-9c2e-0050560417d5,00-00003162,яя_1 сорт Гала РС1 мелкий не мытый,1 сорт Гала РС1 мелкий не мытый,894987c2-9c53-11eb-9c33-00505689ff45,false,false
Номенклатура — расширенная,raw.r1c_nomenclature,93d69a79-7a8d-11eb-9c2e-0050560417d5,00-00003159,яя_1 сорт Гала РС1 стандарт мытый,1 сорт Гала РС1 стандарт мытый,894987c2-9c53-11eb-9c33-00505689ff45,false,false
Номенклатура — расширенная,raw.r1c_nomenclature,b543de87-7a7a-11eb-9c2e-0050560417d5,00-00003158,яя_1 сорт Гала РС1 стандарт нельзя мыть,1 сорт Гала РС1 стандарт не мытый,894987c2-9c53-11eb-9c33-00505689ff45,false,false
Номенклатура — расширенная,raw.r1c_nomenclature,8e002c99-7a96-11eb-9c2e-0050560417d5,00-00003173,яя_1 сорт Гала РС2 крупный мытый,1 сорт Гала РС2 крупный мытый,894987c2-9c53-11eb-9c33-00505689ff45,false,false
Номенклатура — расширенная,raw.r1c_nomenclature,674b5ff8-7a96-11eb-9c2e-0050560417d5,00-00003172,яя_1 сорт Гала РС2 крупный не мытый,1 сорт Гала РС2 крупный не мытый,894987c2-9c53-11eb-9c33-00505689ff45,false,false
Номенклатура — расширенная,raw.r1c_nomenclature,1f36cec2-7a97-11eb-9c2e-0050560417d5,00-00003175,яя_1 сорт Гала РС2 мелкий мытый,1 сорт Гала РС2 мелкий мытый	,894987c2-9c53-11eb-9c33-00505689ff45,false,false
Номенклатура — расширенная,raw.r1c_nomenclature,c76ad9a7-7a96-11eb-9c2e-0050560417d5,00-00003174,яя_1 сорт Гала РС2 мелкий не мытый,1 сорт Гала РС2 мелкий не мытый,894987c2-9c53-11eb-9c33-00505689ff45,false,false
Номенклатура — расширенная,raw.r1c_nomenclature,367bbdaa-7a96-11eb-9c2e-0050560417d5,00-00003171,яя_1 сорт Гала РС2 стандарт мытый,1 сорт Гала РС2 стандарт мытый,894987c2-9c53-11eb-9c33-00505689ff45,false,false
Номенклатура — расширенная,raw.r1c_nomenclature,d068d1fd-7a95-11eb-9c2e-0050560417d5,00-00003170,яя_1 сорт Гала РС2 стандарт нельзя мыть,1 сорт Гала РС2 стандарт не мытый,894987c2-9c53-11eb-9c33-00505689ff45,false,false
Номенклатура — расширенная,raw.r1c_nomenclature,8c194e9a-5471-11ed-9c43-cb6d75bb653b,00-00007355,яя_1 сорт Георгий Комаров РС1 зубчики,1 сорт Георгий Комаров РС1 зубчики,9b060c36-71d9-11e7-85a2-d43d7eec442d,false,false
Номенклатура — расширенная,raw.r1c_nomenclature,a92d96c0-0032-11ec-9c3a-00505689ff45,АК-00003974,яя_1 сорт Георгий Комаров РС1 крупный не мытый,1 сорт Георгий Комаров РС1 крупный не мытый,9b060c36-71d9-11e7-85a2-d43d7eec442d,false,false
Номенклатура — расширенная,raw.r1c_nomenclature,99b57dd3-0032-11ec-9c3a-00505689ff45,АК-00003973,яя_1 сорт Георгий Комаров РС1 мелкий не мытый,1 сорт Георгий Комаров РС1 мелкий не мытый,9b060c36-71d9-11e7-85a2-d43d7eec442d,false,false
Номенклатура — расширенная,raw.r1c_nomenclature,029f1ce2-0033-11ec-9c3a-00505689ff45,АК-00003980,яя_1 сорт Гладиатор РС1 крупный не мытый,1 сорт Гладиатор РС1 крупный не мытый,9b060c36-71d9-11e7-85a2-d43d7eec442d,false,false
Номенклатура — расширенная,raw.r1c_nomenclature,11430577-0033-11ec-9c3a-00505689ff45,АК-00003981,яя_1 сорт Гладиатор РС1 мелкий не мытый,1 сорт Гладиатор РС1 мелкий не мытый,9b060c36-71d9-11e7-85a2-d43d7eec442d,false,false
Номенклатура — расширенная,raw.r1c_nomenclature,1e7a26ea-0033-11ec-9c3a-00505689ff45,АК-00003982,яя_1 сорт Гладиатор РС1 стандарт не мытый,1 сорт Гладиатор РС1 стандарт не мытый,9b060c36-71d9-11e7-85a2-d43d7eec442d,false,false
Номенклатура — расширенная,raw.r1c_nomenclature,02be2d3b-0032-11ec-9c3a-00505689ff45,АК-00003970,яя_1 сорт Григорий Комаров РС1 стандарт не мытый,1 сорт Григорий Комаров РС1 стандарт не мытый,9b060c36-71d9-11e7-85a2-d43d7eec442d,false,false
Номенклатура — расширенная,raw.r1c_nomenclature,53a204de-01ae-11ec-9c3a-00505689ff45,АК-00004086,яя_1 сорт Коломба РС1 крупный мытый,1 сорт Коломба РС1 крупный мытый,967be760-9c53-11eb-9c33-00505689ff45,false,false
Номенклатура — расширенная,raw.r1c_nomenclature,5af65b7a-01ae-11ec-9c3a-00505689ff45,АК-00004087,яя_1 сорт Коломба РС1 крупный не мытый,1 сорт Коломба РС1 крупный не мытый,967be760-9c53-11eb-9c33-00505689ff45,false,false
Номенклатура — расширенная,raw.r1c_nomenclature,70f3601e-01ae-11ec-9c3a-00505689ff45,АК-00004090,яя_1 сорт Коломба РС1 мелкий мытый,1 сорт Коломба РС1 мелкий мытый,967be760-9c53-11eb-9c33-00505689ff45,false,false
Номенклатура — расширенная,raw.r1c_nomenclature,7823f37f-01ae-11ec-9c3a-00505689ff45,АК-00004091,яя_1 сорт Коломба РС1 мелкий не мытый,1 сорт Коломба РС1 мелкий не мытый,967be760-9c53-11eb-9c33-00505689ff45,false,false
Номенклатура — расширенная,raw.r1c_nomenclature,68fa873d-01ae-11ec-9c3a-00505689ff45,АК-00004089,яя_1 сорт Коломба РС1 стандарт мытый,1 сорт Коломба РС1 стандарт мытый,967be760-9c53-11eb-9c33-00505689ff45,false,false
Номенклатура — расширенная,raw.r1c_nomenclature,62163ef0-01ae-11ec-9c3a-00505689ff45,АК-00004088,яя_1 сорт Коломба РС1 стандарт не мытый,1 сорт Коломба РС1 стандарт нельзя мыть,967be760-9c53-11eb-9c33-00505689ff45,false,false
Номенклатура — расширенная,raw.r1c_nomenclature,d363390e-7b2f-11eb-9c2e-0050560417d5,00-00003197,яя_1 сорт Коломба РС2 крупный мытый,1 сорт Коломбо РС2 крупный мытый,967be760-9c53-11eb-9c33-00505689ff45,false,false
Номенклатура — расширенная,raw.r1c_nomenclature,bf3e2e7b-7b2f-11eb-9c2e-0050560417d5,00-00003196,яя_1 сорт Коломба РС2 крупный не мытый,1 сорт Коломбо РС2 крупный не мытый,967be760-9c53-11eb-9c33-00505689ff45,false,false
Номенклатура — расширенная,raw.r1c_nomenclature,074807b0-7b30-11eb-9c2e-0050560417d5,00-00003199,яя_1 сорт Коломба РС2 мелкий мытый,1 сорт Коломбо РС2 мелкий мытый,967be760-9c53-11eb-9c33-00505689ff45,false,false
Номенклатура — расширенная,raw.r1c_nomenclature,ebcc3b2f-7b2f-11eb-9c2e-0050560417d5,00-00003198,яя_1 сорт Коломба РС2 мелкий не мытый,1 сорт Коломбо РС2 мелкий не мытый,967be760-9c53-11eb-9c33-00505689ff45,false,false
Номенклатура — расширенная,raw.r1c_nomenclature,a2c0e349-7b2f-11eb-9c2e-0050560417d5,00-00003195,яя_1 сорт Коломба РС2 стандарт мытый,1 сорт Коломбо РС2 стандарт мытый,967be760-9c53-11eb-9c33-00505689ff45,false,false
Номенклатура — расширенная,raw.r1c_nomenclature,8841d0ec-7b2f-11eb-9c2e-0050560417d5,00-00003194,яя_1 сорт Коломба РС2 стандарт нельзя мыть,1 сорт Коломбо РС2 стандарт не мытый,967be760-9c53-11eb-9c33-00505689ff45,false,false
Номенклатура — расширенная,raw.r1c_nomenclature,92294fde-01ae-11ec-9c3a-00505689ff45,АК-00004092,яя_1 сорт РедСкарлетт РС1 крупный мытый,1 сорт РедСкарлетт РС1 крупный мытый,9c768bcc-9c53-11eb-9c33-00505689ff45,false,false
Номенклатура — расширенная,raw.r1c_nomenclature,9a9498e4-01ae-11ec-9c3a-00505689ff45,АК-00004093,яя_1 сорт РедСкарлетт РС1 крупный не мытый,1 сорт РедСкарлетт РС1 крупный не мытый,9c768bcc-9c53-11eb-9c33-00505689ff45,false,false
Номенклатура — расширенная,raw.r1c_nomenclature,b18e5605-01ae-11ec-9c3a-00505689ff45,АК-00004096,яя_1 сорт РедСкарлетт РС1 мелкий мытый,1 сорт РедСкарлетт РС1 мелкий мытый,9c768bcc-9c53-11eb-9c33-00505689ff45,false,false
Номенклатура — расширенная,raw.r1c_nomenclature,b8c61090-01ae-11ec-9c3a-00505689ff45,АК-00004097,яя_1 сорт РедСкарлетт РС1 мелкий не мытый,1 сорт РедСкарлетт РС1 мелкий не мытый,9c768bcc-9c53-11eb-9c33-00505689ff45,false,false
Номенклатура — расширенная,raw.r1c_nomenclature,a971ba31-01ae-11ec-9c3a-00505689ff45,АК-00004095,яя_1 сорт РедСкарлетт РС1 стандарт мытый,1 сорт РедСкарлетт РС1 стандарт мытый,9c768bcc-9c53-11eb-9c33-00505689ff45,false,false
Номенклатура — расширенная,raw.r1c_nomenclature,a251d6ef-01ae-11ec-9c3a-00505689ff45,АК-00004094,яя_1 сорт РедСкарлетт РС1 стандарт нельзя мыть,1 сорт РедСкарлетт РС1 стандарт не мытый,9c768bcc-9c53-11eb-9c33-00505689ff45,false,false
Номенклатура — расширенная,raw.r1c_nomenclature,317f5e6f-7b5d-11eb-9c2e-0050560417d5,00-00003209,яя_1 сорт РедСкарлетт РС2 крупный мытый,1 сорт РедСкарлетт РС2 крупный мытый,9c768bcc-9c53-11eb-9c33-00505689ff45,false,false
Номенклатура — расширенная,raw.r1c_nomenclature,1c0eec1c-7b5d-11eb-9c2e-0050560417d5,00-00003208,яя_1 сорт РедСкарлетт РС2 крупный не мытый,1 сорт РедСкарлетт РС2 крупный не мытый,9c768bcc-9c53-11eb-9c33-00505689ff45,false,false
Номенклатура — расширенная,raw.r1c_nomenclature,75ba1241-7b5d-11eb-9c2e-0050560417d5,00-00003211,яя_1 сорт РедСкарлетт РС2 мелкий мытый,1 сорт РедСкарлетт РС2 мелкий мытый,9c768bcc-9c53-11eb-9c33-00505689ff45,false,false
Номенклатура — расширенная,raw.r1c_nomenclature,51aa6bd5-7b5d-11eb-9c2e-0050560417d5,00-00003210,яя_1 сорт РедСкарлетт РС2 мелкий не мытый,1 сорт РедСкарлетт РС2 мелкий не мытый,9c768bcc-9c53-11eb-9c33-00505689ff45,false,false
Номенклатура — расширенная,raw.r1c_nomenclature,04185ab6-7b5d-11eb-9c2e-0050560417d5,00-00003207,яя_1 сорт РедСкарлетт РС2 стандарт мытый,1 сорт РедСкарлетт РС2 стандарт мытый,9c768bcc-9c53-11eb-9c33-00505689ff45,false,false
Номенклатура — расширенная,raw.r1c_nomenclature,d8490af5-7b5c-11eb-9c2e-0050560417d5,00-00003206,яя_1 сорт РедСкарлетт РС2 стандарт не мытый,1 сорт РедСкарлетт РС2 стандарт не мытый,9c768bcc-9c53-11eb-9c33-00505689ff45,false,false
Номенклатура — расширенная,raw.r1c_nomenclature,3145fdf8-7b5f-11eb-9c2e-0050560417d5,00-00003227,яя_2 сорт БеллаРоза РС1 крупный мытый,2 сорт  БеллаРоза РС1 крупный мытый	,3f205a72-9c53-11eb-9c33-00505689ff45,false,false
Номенклатура — расширенная,raw.r1c_nomenclature,09056f27-7b5f-11eb-9c2e-0050560417d5,00-00003226,яя_2 сорт БеллаРоза РС1 крупный не мытый,2 сорт БеллаРоза РС1 крупный  не мытый,3f205a72-9c53-11eb-9c33-00505689ff45,false,false
Номенклатура — расширенная,raw.r1c_nomenclature,5c3069a6-7b5f-11eb-9c2e-0050560417d5,00-00003229,яя_2 сорт БеллаРоза РС1 мелкий мытый,2 сорт БеллаРоза РС1 мелкий мытый,3f205a72-9c53-11eb-9c33-00505689ff45,false,false
Номенклатура — расширенная,raw.r1c_nomenclature,46524b27-7b5f-11eb-9c2e-0050560417d5,00-00003228,яя_2 сорт БеллаРоза РС1 мелкий не мытый, 2 сорт БеллаРоза РС1 мелкий не мытый,3f205a72-9c53-11eb-9c33-00505689ff45,false,false
Номенклатура — расширенная,raw.r1c_nomenclature,f37d253c-7b5e-11eb-9c2e-0050560417d5,00-00003225,яя_2 сорт БеллаРоза РС1 стандарт мытый,2 сорт БеллаРоза РС1 стандарт мытый,3f205a72-9c53-11eb-9c33-00505689ff45,false,false
Номенклатура — расширенная,raw.r1c_nomenclature,d8cbffdf-7b5e-11eb-9c2e-0050560417d5,00-00003224,яя_2 сорт БеллаРоза РС1 стандарт не мытый,2 сорт БеллаРоза РС1 стандарт не мытый,3f205a72-9c53-11eb-9c33-00505689ff45,false,false
Номенклатура — расширенная,raw.r1c_nomenclature,61b3ee69-1621-11ec-9c3a-00505689ff45,АК-00005030,яя_2 сорт БеллаРоза РС2 крупный мытый,2 сорт БеллаРоза РС2 крупный мытый,3f205a72-9c53-11eb-9c33-00505689ff45,false,false
Номенклатура — расширенная,raw.r1c_nomenclature,597d193d-1621-11ec-9c3a-00505689ff45,АК-00005029,яя_2 сорт БеллаРоза РС2 крупный не мытый,2 сорт БеллаРоза РС2 крупный не мытый,3f205a72-9c53-11eb-9c33-00505689ff45,false,false
Номенклатура — расширенная,raw.r1c_nomenclature,2fa50cb1-1621-11ec-9c3a-00505689ff45,АК-00005026,яя_2 сорт БеллаРоза РС2 мелкий не мытый,2 сорт БеллаРоза РС2 мелкий не мытый,3f205a72-9c53-11eb-9c33-00505689ff45,false,false
Номенклатура — расширенная,raw.r1c_nomenclature,4c30836a-1621-11ec-9c3a-00505689ff45,АК-00005028,яя_2 сорт БеллаРоза РС2 стандарт мытый,2 сорт БеллаРоза РС2 стандарт мытый,3f205a72-9c53-11eb-9c33-00505689ff45,false,false
Номенклатура — расширенная,raw.r1c_nomenclature,3cc91b59-1621-11ec-9c3a-00505689ff45,АК-00005027,яя_2 сорт БеллаРоза РС2 стандарт не мытый,2 сорт БеллаРоза РС2 стандарт не мытый,3f205a72-9c53-11eb-9c33-00505689ff45,false,false
Номенклатура — расширенная,raw.r1c_nomenclature,28eea0bc-01ac-11ec-9c3a-00505689ff45,АК-00004073,яя_2 сорт Вега РС0 крупный мытый,2 сорт Вега РС0 крупный мытый,5072ea7f-9c53-11eb-9c33-00505689ff45,false,false
Номенклатура — расширенная,raw.r1c_nomenclature,319cab84-01ac-11ec-9c3a-00505689ff45,АК-00004074,яя_2 сорт Вега РС0 крупный не мытый,2 сорт Вега РС0 крупный не мытый,5072ea7f-9c53-11eb-9c33-00505689ff45,false,false
Номенклатура — расширенная,raw.r1c_nomenclature,4f99af08-01ac-11ec-9c3a-00505689ff45,АК-00004078,яя_2 сорт Вега РС0 мелкий мытый,2 сорт Вега РС0 мелкий мытый,5072ea7f-9c53-11eb-9c33-00505689ff45,false,false
Номенклатура — расширенная,raw.r1c_nomenclature,4908d8f2-01ac-11ec-9c3a-00505689ff45,АК-00004077,яя_2 сорт Вега РС0 мелкий не мытый,2 сорт Вега РС0 мелкий не мытый,5072ea7f-9c53-11eb-9c33-00505689ff45,false,false
Номенклатура — расширенная,raw.r1c_nomenclature,3c206522-01ac-11ec-9c3a-00505689ff45,АК-00004075,яя_2 сорт Вега РС0 стандарт мытый,2 сорт Вега РС0 стандарт мытый,5072ea7f-9c53-11eb-9c33-00505689ff45,false,false
Номенклатура — расширенная,raw.r1c_nomenclature,4269b4c0-01ac-11ec-9c3a-00505689ff45,АК-00004076,яя_2 сорт Вега РС0 стандарт не мытый,2 сорт Вега РС0 стандарт не мытый,5072ea7f-9c53-11eb-9c33-00505689ff45,false,false
Номенклатура — расширенная,raw.r1c_nomenclature,751220b6-16cf-11ec-9c3a-00505689ff45,АК-00005038,яя_2 сорт Вега РС1 крупный мытый,2 сорт Вега РС1 крупный мытый,5072ea7f-9c53-11eb-9c33-00505689ff45,false,false
Номенклатура — расширенная,raw.r1c_nomenclature,7eae9655-16cf-11ec-9c3a-00505689ff45,АК-00005039,яя_2 сорт Вега РС1 крупный не мытый,2 сорт Вега РС1 крупный не мытый,5072ea7f-9c53-11eb-9c33-00505689ff45,false,false
Номенклатура — расширенная,raw.r1c_nomenclature,8688710c-16cf-11ec-9c3a-00505689ff45,АК-00005040,яя_2 сорт Вега РС1 мелкий мытый,2 сорт Вега РС1 мелкий мытый,5072ea7f-9c53-11eb-9c33-00505689ff45,false,false
Номенклатура — расширенная,raw.r1c_nomenclature,92421a0e-16cf-11ec-9c3a-00505689ff45,АК-00005041,яя_2 сорт Вега РС1 мелкий не мытый,2 сорт Вега РС1 мелкий не мытый,5072ea7f-9c53-11eb-9c33-00505689ff45,false,false
Номенклатура — расширенная,raw.r1c_nomenclature,a22f0606-16cf-11ec-9c3a-00505689ff45,АК-00005042,яя_2 сорт Вега РС1 стандарт мытый,2 сорт Вега РС1 стандарт мытый,5072ea7f-9c53-11eb-9c33-00505689ff45,false,false
Номенклатура — расширенная,raw.r1c_nomenclature,af87881a-16cf-11ec-9c3a-00505689ff45,АК-00005043,яя_2 сорт Вега РС1 стандарт не мытый,2 сорт Вега РС1 стандарт не мытый,5072ea7f-9c53-11eb-9c33-00505689ff45,false,false
Номенклатура — расширенная,raw.r1c_nomenclature,364a64f6-7b2f-11eb-9c2e-0050560417d5,00-00003191,яя_2 сорт Вега РС2 крупный мытый,2 сорт  Вега РС2 крупный мытый,5072ea7f-9c53-11eb-9c33-00505689ff45,false,false
Номенклатура — расширенная,raw.r1c_nomenclature,1bc1c735-7b2f-11eb-9c2e-0050560417d5,00-00003190,яя_2 сорт Вега РС2 крупный не мытый,2 сорт Вега РС2 крупный  не мытый,5072ea7f-9c53-11eb-9c33-00505689ff45,false,false
Номенклатура — расширенная,raw.r1c_nomenclature,6991d976-7b2f-11eb-9c2e-0050560417d5,00-00003193,яя_2 сорт Вега РС2 мелкий мытый,2 сорт Вега РС2 мелкий мытый,5072ea7f-9c53-11eb-9c33-00505689ff45,false,false
Номенклатура — расширенная,raw.r1c_nomenclature,4d3f78d5-7b2f-11eb-9c2e-0050560417d5,00-00003192,яя_2 сорт Вега РС2 мелкий не мытый,2 сорт Вега РС2 мелкий не мытый,5072ea7f-9c53-11eb-9c33-00505689ff45,false,false
Номенклатура — расширенная,raw.r1c_nomenclature,04020b93-7b2f-11eb-9c2e-0050560417d5,00-00003189,яя_2 сорт Вега РС2 стандарт мытый,2 сорт Вега РС2 стандарт мытый,5072ea7f-9c53-11eb-9c33-00505689ff45,false,false
Номенклатура — расширенная,raw.r1c_nomenclature,ea4b3f3d-7b2e-11eb-9c2e-0050560417d5,00-00003188,яя_2 сорт Вега РС2 стандарт не мытый,2 сорт Вега РС2 стандарт не мытый,5072ea7f-9c53-11eb-9c33-00505689ff45,false,false
Номенклатура — расширенная,raw.r1c_nomenclature,f59b8211-7a93-11eb-9c2e-0050560417d5,00-00003167,яя_2 сорт Гала РС1 крупный мытый,2 сорт  Гала РС1 крупный мытый,894987c2-9c53-11eb-9c33-00505689ff45,false,false
Номенклатура — расширенная,raw.r1c_nomenclature,c22b879b-7a93-11eb-9c2e-0050560417d5,00-00003166,яя_2 сорт Гала РС1 крупный не мытый,2 сорт Гала РС1 крупный  не мытый,894987c2-9c53-11eb-9c33-00505689ff45,false,false
Номенклатура — расширенная,raw.r1c_nomenclature,4c2b73fd-7a95-11eb-9c2e-0050560417d5,00-00003169,яя_2 сорт Гала РС1 мелкий мытый,2 сорт Гала РС1 мелкий мытый,894987c2-9c53-11eb-9c33-00505689ff45,false,false
Номенклатура — расширенная,raw.r1c_nomenclature,54c2f79f-7a94-11eb-9c2e-0050560417d5,00-00003168,яя_2 сорт Гала РС1 мелкий не мытый, 2 сорт Гала РС1 мелкий не мытый,894987c2-9c53-11eb-9c33-00505689ff45,false,false
Номенклатура — расширенная,raw.r1c_nomenclature,828a9f94-7a93-11eb-9c2e-0050560417d5,00-00003165,яя_2 сорт Гала РС1 стандарт мытый,2 сорт Гала РС1 стандарт мытый,894987c2-9c53-11eb-9c33-00505689ff45,false,false
Номенклатура — расширенная,raw.r1c_nomenclature,3a90b5d2-7a8e-11eb-9c2e-0050560417d5,00-00003164,яя_2 сорт Гала РС1 стандарт не мытый,2 сорт Гала РС1 стандарт не мытый	,894987c2-9c53-11eb-9c33-00505689ff45,false,false
Номенклатура — расширенная,raw.r1c_nomenclature,ba7759ad-7a99-11eb-9c2e-0050560417d5,00-00003179,яя_2 сорт Гала РС2 крупный мытый,2 сорт  Гала РС2 крупный мытый,894987c2-9c53-11eb-9c33-00505689ff45,false,false
Номенклатура — расширенная,raw.r1c_nomenclature,ff5ca779-7a98-11eb-9c2e-0050560417d5,00-00003178,яя_2 сорт Гала РС2 крупный не мытый,2 сорт Гала РС2 крупный  не мытый,894987c2-9c53-11eb-9c33-00505689ff45,false,false
Номенклатура — расширенная,raw.r1c_nomenclature,4cdf1752-7a9a-11eb-9c2e-0050560417d5,00-00003181,яя_2 сорт Гала РС2 мелкий мытый,2 сорт Гала РС2 мелкий мытый,894987c2-9c53-11eb-9c33-00505689ff45,false,false
Номенклатура — расширенная,raw.r1c_nomenclature,e9e61df0-7a99-11eb-9c2e-0050560417d5,00-00003180,яя_2 сорт Гала РС2 мелкий не мытый, 2 сорт Гала РС2 мелкий не мытый,894987c2-9c53-11eb-9c33-00505689ff45,false,false
Номенклатура — расширенная,raw.r1c_nomenclature,55cdc8b7-7a98-11eb-9c2e-0050560417d5,00-00003177,яя_2 сорт Гала РС2 стандарт мытый,2 сорт Гала РС2 стандарт мытый,894987c2-9c53-11eb-9c33-00505689ff45,false,false
Номенклатура — расширенная,raw.r1c_nomenclature,2f8dd78d-7a98-11eb-9c2e-0050560417d5,00-00003176,яя_2 сорт Гала РС2 стандарт не мытый,2 сорт Гала РС2 стандарт не мытый,894987c2-9c53-11eb-9c33-00505689ff45,false,false
Номенклатура — расширенная,raw.r1c_nomenclature,529f18d2-0033-11ec-9c3a-00505689ff45,АК-00003985,яя_2 сорт Гладиатор РС1 крупный не мытый,2 сорт Гладиатор РС1 крупный не мытый,9b060c36-71d9-11e7-85a2-d43d7eec442d,false,false
Номенклатура — расширенная,raw.r1c_nomenclature,3890337e-0033-11ec-9c3a-00505689ff45,АК-00003984,яя_2 сорт Гладиатор РС1 мелкий не мытый,2 сорт Гладиатор РС1 мелкий не мытый,9b060c36-71d9-11e7-85a2-d43d7eec442d,false,false
Номенклатура — расширенная,raw.r1c_nomenclature,2b970e81-0033-11ec-9c3a-00505689ff45,АК-00003983,яя_2 сорт Гладиатор РС1 стандарт не мытый,2 сорт Гладиатор РС1 стандарт не мытый,9b060c36-71d9-11e7-85a2-d43d7eec442d,false,false
Номенклатура — расширенная,raw.r1c_nomenclature,b8ed368b-0032-11ec-9c3a-00505689ff45,АК-00003976,яя_2 сорт Григорий Комаров РС1 крупный не мытый,2 сорт Григорий Комаров РС1 крупный не мытый,9b060c36-71d9-11e7-85a2-d43d7eec442d,false,false
Номенклатура — расширенная,raw.r1c_nomenclature,c3f672f5-0032-11ec-9c3a-00505689ff45,АК-00003977,яя_2 сорт Григорий Комаров РС1 мелкий не мытый,2 сорт Григорий Комаров РС1 мелкий не мытый,9b060c36-71d9-11e7-85a2-d43d7eec442d,false,false
Номенклатура — расширенная,raw.r1c_nomenclature,e1d214ed-0032-11ec-9c3a-00505689ff45,АК-00003979,яя_2 сорт Григорий Комаров РС1 стандарт не мытый,2 сорт Григорий Комаров РС1 стандарт не мытый,9b060c36-71d9-11e7-85a2-d43d7eec442d,false,false
Номенклатура — расширенная,raw.r1c_nomenclature,60ae39df-01ad-11ec-9c3a-00505689ff45,АК-00004082,яя_2 сорт Коломба РС1 крупный мытый,2 сорт Коломба РС1 крупный мытый,967be760-9c53-11eb-9c33-00505689ff45,false,false
Номенклатура — расширенная,raw.r1c_nomenclature,6ac90ccc-01ad-11ec-9c3a-00505689ff45,АК-00004083,яя_2 сорт Коломба РС1 крупный не мытый,2 сорт Коломба РС1 крупный не мытый,967be760-9c53-11eb-9c33-00505689ff45,false,false
Номенклатура — расширенная,raw.r1c_nomenclature,6b2fd187-05ac-11ec-9c3a-00505689ff45,АК-00004831,яя_2 сорт Коломба РС1 мелкий мытый,2 сорт Коломба РС1 мелкий мытый,967be760-9c53-11eb-9c33-00505689ff45,false,false
Номенклатура — расширенная,raw.r1c_nomenclature,73074570-05ac-11ec-9c3a-00505689ff45,АК-00004832,яя_2 сорт Коломба РС1 мелкий не мытый,2 сорт Коломба РС1 мелкий не мытый,967be760-9c53-11eb-9c33-00505689ff45,false,false
Номенклатура — расширенная,raw.r1c_nomenclature,8bebedba-01ad-11ec-9c3a-00505689ff45,АК-00004085,яя_2 сорт Коломба РС1 стандарт мытый,2 сорт Коломба РС1 стандарт мытый,967be760-9c53-11eb-9c33-00505689ff45,false,false
Номенклатура — расширенная,raw.r1c_nomenclature,84aaa8e7-01ad-11ec-9c3a-00505689ff45,АК-00004084,яя_2 сорт Коломба РС1 стандарт не мытый,2 сорт Коломба РС1 стандарт не мытый,967be760-9c53-11eb-9c33-00505689ff45,false,false
Номенклатура — расширенная,raw.r1c_nomenclature,7f43c86f-7b30-11eb-9c2e-0050560417d5,00-00003203,яя_2 сорт Коломба РС2 крупный мытый,2 сорт  Коломбо РС2 крупный мытый,967be760-9c53-11eb-9c33-00505689ff45,false,false
Номенклатура — расширенная,raw.r1c_nomenclature,6737f850-7b30-11eb-9c2e-0050560417d5,00-00003202,яя_2 сорт Коломба РС2 крупный не мытый,2 сорт Коломбо РС2 крупный  не мытый,967be760-9c53-11eb-9c33-00505689ff45,false,false
Номенклатура — расширенная,raw.r1c_nomenclature,d2d54788-7b30-11eb-9c2e-0050560417d5,00-00003205,яя_2 сорт Коломба РС2 мелкий мытый,2 сорт Коломбо РС2 мелкий мытый,967be760-9c53-11eb-9c33-00505689ff45,false,false
Номенклатура — расширенная,raw.r1c_nomenclature,b42c786a-7b30-11eb-9c2e-0050560417d5,00-00003204,яя_2 сорт Коломба РС2 мелкий не мытый, 2 сорт Коломбо РС2 мелкий не мытый,967be760-9c53-11eb-9c33-00505689ff45,false,false
Номенклатура — расширенная,raw.r1c_nomenclature,4ea636b6-7b30-11eb-9c2e-0050560417d5,00-00003201,яя_2 сорт Коломба РС2 стандарт мытый,2 сорт Коломбо РС2 стандарт мытый,967be760-9c53-11eb-9c33-00505689ff45,false,false
Номенклатура — расширенная,raw.r1c_nomenclature,327ec130-7b30-11eb-9c2e-0050560417d5,00-00003200,яя_2 сорт Коломба РС2 стандарт не мытый,2 сорт Коломбо РС2 стандарт не мытый,967be760-9c53-11eb-9c33-00505689ff45,false,false
Номенклатура — расширенная,raw.r1c_nomenclature,d331f125-01ae-11ec-9c3a-00505689ff45,АК-00004099,яя_2 сорт РедСкарлетт РС1 крупный мытый,2 сорт РедСкарлетт РС1 крупный мытый,9c768bcc-9c53-11eb-9c33-00505689ff45,false,false
Номенклатура — расширенная,raw.r1c_nomenclature,dae3435e-01ae-11ec-9c3a-00505689ff45,АК-00004100,яя_2 сорт РедСкарлетт РС1 крупный не мытый,2 сорт РедСкарлетт РС1 крупный не мытый,9c768bcc-9c53-11eb-9c33-00505689ff45,false,false
Номенклатура — расширенная,raw.r1c_nomenclature,f20325a1-01ae-11ec-9c3a-00505689ff45,АК-00004103,яя_2 сорт РедСкарлетт РС1 мелкий мытый,2 сорт РедСкарлетт РС1 мелкий мытый,9c768bcc-9c53-11eb-9c33-00505689ff45,false,false
Номенклатура — расширенная,raw.r1c_nomenclature,f920a701-01ae-11ec-9c3a-00505689ff45,АК-00004104,яя_2 сорт РедСкарлетт РС1 мелкий не мытый,2 сорт РедСкарлетт РС1 мелкий не мытый,9c768bcc-9c53-11eb-9c33-00505689ff45,false,false
Номенклатура — расширенная,raw.r1c_nomenclature,e810db7f-01ae-11ec-9c3a-00505689ff45,АК-00004102,яя_2 сорт РедСкарлетт РС1 стандарт мытый,2 сорт РедСкарлетт РС1 стандарт мытый,9c768bcc-9c53-11eb-9c33-00505689ff45,false,false
Номенклатура — расширенная,raw.r1c_nomenclature,e1505644-01ae-11ec-9c3a-00505689ff45,АК-00004101,яя_2 сорт РедСкарлетт РС1 стандарт не мытый,2 сорт РедСкарлетт РС1 стандарт не мытый,9c768bcc-9c53-11eb-9c33-00505689ff45,false,false
Номенклатура — расширенная,raw.r1c_nomenclature,966e219f-7b5e-11eb-9c2e-0050560417d5,00-00003221,яя_2 сорт РедСкарлетт РС2 крупный мытый,2 сорт  РедСкарлетт РС2 крупный мытый,9c768bcc-9c53-11eb-9c33-00505689ff45,false,false
Номенклатура — расширенная,raw.r1c_nomenclature,8522a753-7b5e-11eb-9c2e-0050560417d5,00-00003220,яя_2 сорт РедСкарлетт РС2 крупный не мытый,2 сорт РедСкарлетт РС2 крупный  не мытый,9c768bcc-9c53-11eb-9c33-00505689ff45,false,false
Номенклатура — расширенная,raw.r1c_nomenclature,c06c8769-7b5e-11eb-9c2e-0050560417d5,00-00003223,яя_2 сорт РедСкарлетт РС2 мелкий мытый,2 сорт РедСкарлетт РС2 мелкий мытый,9c768bcc-9c53-11eb-9c33-00505689ff45,false,false
Номенклатура — расширенная,raw.r1c_nomenclature,ab2e253f-7b5e-11eb-9c2e-0050560417d5,00-00003222,яя_2 сорт РедСкарлетт РС2 мелкий не мытый, 2 сорт РедСкарлетт РС2 мелкий не мытый,9c768bcc-9c53-11eb-9c33-00505689ff45,false,false
Номенклатура — расширенная,raw.r1c_nomenclature,701b1cfc-7b5e-11eb-9c2e-0050560417d5,00-00003219,яя_2 сорт РедСкарлетт РС2 стандарт мытый,2 сорт РедСкарлетт РС2 стандарт мытый,9c768bcc-9c53-11eb-9c33-00505689ff45,false,false
Номенклатура — расширенная,raw.r1c_nomenclature,51534ef1-7b5e-11eb-9c2e-0050560417d5,00-00003218,яя_2 сорт РедСкарлетт РС2 стандарт не мытый,2 сорт РедСкарлетт РС2 стандарт не мытый,9c768bcc-9c53-11eb-9c33-00505689ff45,false,false
Номенклатура — расширенная,raw.r1c_nomenclature,3e440bad-c218-11ec-9c42-00505689c8d9,00-00006473,яя_Индиго РС1 семена биг бэг 1000 кг,Премиум картофель индиго не мытый,9f5c070c-6157-11eb-9c2d-0050560417d5,false,false
Номенклатура — расширенная,raw.r1c_nomenclature,7fa797ec-2c2d-11ec-b9a9-00505689914b,АК-00005493,яяя_1 сорт БеллаРоза РС2 стандарт нельзя мыть,1 сорт БеллаРоза РС2 стандарт нельзя мыть,3f205a72-9c53-11eb-9c33-00505689ff45,false,false
Номенклатура — расширенная,raw.r1c_nomenclature,7e92aafa-2c3d-11ec-b9a9-00505689914b,АК-00005516,яяя_1 сорт Вега РС1 стандарт нельзя мыть,1 сорт Вега РС1 стандарт нельзя мыть,5072ea7f-9c53-11eb-9c33-00505689ff45,false,false
Номенклатура — расширенная,raw.r1c_nomenclature,8bd26231-2c42-11ec-b9a9-00505689914b,АК-00005521,яяя_1 сорт Гала РС1 стандарт нельзя мыть,1 сорт Гала РС1 стандарт нельзя мыть,894987c2-9c53-11eb-9c33-00505689ff45,false,false
Номенклатура — расширенная,raw.r1c_nomenclature,6fe36f4a-2c2e-11ec-b9a9-00505689914b,АК-00005494,яяя_1 сорт Гала РС2 стандарт нельзя мыть,1 сорт Гала РС2 стандарт нельзя мыть,894987c2-9c53-11eb-9c33-00505689ff45,false,false
Номенклатура — расширенная,raw.r1c_nomenclature,d5e89175-3723-11ec-b9aa-00505689914b,АК-00005535,яяя_1 сорт Коломба РС1 стандарт не мытый,1 сорт Коломба РС1 стандарт не мытый,967be760-9c53-11eb-9c33-00505689ff45,false,false
Номенклатура — расширенная,raw.r1c_nomenclature,f0d8fb3c-2bfe-11ec-b9a9-00505689914b,АК-00005491,яяя_1 сорт Коломба РС2 стандарт нельзя мыть,1 сорт Коломба РС2 стандарт нельзя мыть,967be760-9c53-11eb-9c33-00505689ff45,false,false
Номенклатура — расширенная,raw.r1c_nomenclature,9961ca18-2bfd-11ec-b9a9-00505689914b,АК-00005490,яяя_1 сорт РедСкарлетт РС1 стандарт нельзя мыть,1 сорт РедСкарлетт РС1 стандарт нельзя мыть,9c768bcc-9c53-11eb-9c33-00505689ff45,false,false
