file,source_table,rows,size_kb
raw.catalog_номенклатура_part_01.csv,raw.catalog_номенклатура,1500,466.9
raw.catalog_номенклатура_part_02.csv,raw.catalog_номенклатура,1500,444.2
raw.catalog_номенклатура_part_03.csv,raw.catalog_номенклатура,1500,452.5
raw.catalog_номенклатура_part_04.csv,raw.catalog_номенклатура,214,66.8
raw.r1c_crops_part_01.csv,raw.r1c_crops,165,25.1
raw.r1c_equipment_part_01.csv,raw.r1c_equipment,170,26.2
raw.r1c_nomenclature_part_01.csv,raw.r1c_nomenclature,1500,429.9
raw.r1c_nomenclature_part_02.csv,raw.r1c_nomenclature,1500,407.8
raw.r1c_nomenclature_part_03.csv,raw.r1c_nomenclature,1500,415.7
raw.r1c_nomenclature_part_04.csv,raw.r1c_nomenclature,217,62.6
raw.r1c_nomenclature_current_part_01.csv,raw.r1c_nomenclature_current,1500,347.6
raw.r1c_nomenclature_current_part_02.csv,raw.r1c_nomenclature_current,1500,328.0
raw.r1c_nomenclature_current_part_03.csv,raw.r1c_nomenclature_current,1500,329.6
raw.r1c_nomenclature_current_part_04.csv,raw.r1c_nomenclature_current,1500,336.9
raw.r1c_nomenclature_current_part_05.csv,raw.r1c_nomenclature_current,1500,327.6
raw.r1c_nomenclature_current_part_06.csv,raw.r1c_nomenclature_current,1500,333.0
raw.r1c_nomenclature_current_part_07.csv,raw.r1c_nomenclature_current,1500,320.2
raw.r1c_nomenclature_current_part_08.csv,raw.r1c_nomenclature_current,1500,326.2
raw.r1c_nomenclature_current_part_09.csv,raw.r1c_nomenclature_current,1500,325.8
raw.r1c_nomenclature_current_part_10.csv,raw.r1c_nomenclature_current,1500,325.7
raw.r1c_nomenclature_current_part_11.csv,raw.r1c_nomenclature_current,1059,238.4
raw.r1c_struktura_predpriyatiya_part_01.csv,raw.r1c_struktura_predpriyatiya,1184,215.5
raw.r1c_tech_operations_part_01.csv,raw.r1c_tech_operations,123,24.8
