field_sk,field_code_1c,field_name,department,area_ha,organization,is_active,valid_from,valid_to,is_current
1,60334c3e-f2f6-11eb-9c3a-00505689ff45,100,,,cc598f91-f31b-40a6-ae6e-b1eb63a25dee,t,2000-01-01,9999-12-31,t
2,e6e0b484-92b5-11ef-9c5e-00505689ff45,1047,,,cc598f91-f31b-40a6-ae6e-b1eb63a25dee,t,2000-01-01,9999-12-31,t
3,2987f617-92b6-11ef-9c5e-00505689ff45,1225,,,cc598f91-f31b-40a6-ae6e-b1eb63a25dee,t,2000-01-01,9999-12-31,t
4,5de6e9b8-92b6-11ef-9c5e-00505689ff45,1226,,,cc598f91-f31b-40a6-ae6e-b1eb63a25dee,t,2000-01-01,9999-12-31,t
25,82e54b17-f2ee-11eb-9c3a-00505689ff45,157,,,cc598f91-f31b-40a6-ae6e-b1eb63a25dee,t,2000-01-01,9999-12-31,t
26,5c1fc070-f2f0-11eb-9c3a-00505689ff45,173,,,cc598f91-f31b-40a6-ae6e-b1eb63a25dee,t,2000-01-01,9999-12-31,t
27,02475b48-277f-11ec-a9dd-00505689f463,174,,,cc598f91-f31b-40a6-ae6e-b1eb63a25dee,t,2000-01-01,9999-12-31,t
28,70d29b50-f15a-11eb-9c3a-00505689ff45,175,,,cc598f91-f31b-40a6-ae6e-b1eb63a25dee,t,2000-01-01,9999-12-31,t
29,f622ed9b-f2ee-11eb-9c3a-00505689ff45,176,,,cc598f91-f31b-40a6-ae6e-b1eb63a25dee,t,2000-01-01,9999-12-31,t
30,d87d0832-f2f7-11eb-9c3a-00505689ff45,201,,,cc598f91-f31b-40a6-ae6e-b1eb63a25dee,t,2000-01-01,9999-12-31,t
31,fbf68bb5-f2f5-11eb-9c3a-00505689ff45,203,,,cc598f91-f31b-40a6-ae6e-b1eb63a25dee,t,2000-01-01,9999-12-31,t
32,50ca9faa-f2ed-11eb-9c3a-00505689ff45,218,,,cc598f91-f31b-40a6-ae6e-b1eb63a25dee,t,2000-01-01,9999-12-31,t
33,8fd76826-f2ed-11eb-9c3a-00505689ff45,219,,,cc598f91-f31b-40a6-ae6e-b1eb63a25dee,t,2000-01-01,9999-12-31,t
34,98e259c3-92b6-11ef-9c5e-00505689ff45,2298,,,cc598f91-f31b-40a6-ae6e-b1eb63a25dee,t,2000-01-01,9999-12-31,t
35,cd8f496f-92b6-11ef-9c5e-00505689ff45,2299,,,cc598f91-f31b-40a6-ae6e-b1eb63a25dee,t,2000-01-01,9999-12-31,t
36,78fc9727-f160-11eb-9c3a-00505689ff45,235,,,cc598f91-f31b-40a6-ae6e-b1eb63a25dee,t,2000-01-01,9999-12-31,t
37,3a314a3c-f2f8-11eb-9c3a-00505689ff45,312,,,cc598f91-f31b-40a6-ae6e-b1eb63a25dee,t,2000-01-01,9999-12-31,t
38,95235f09-f2f2-11eb-9c3a-00505689ff45,313,,,cc598f91-f31b-40a6-ae6e-b1eb63a25dee,t,2000-01-01,9999-12-31,t
39,d7ca999f-f153-11eb-9c3a-00505689ff45,318,,,cc598f91-f31b-40a6-ae6e-b1eb63a25dee,t,2000-01-01,9999-12-31,t
40,a55bde5a-f2f8-11eb-9c3a-00505689ff45,347,,,cc598f91-f31b-40a6-ae6e-b1eb63a25dee,t,2000-01-01,9999-12-31,t
41,71ff31ae-f2f8-11eb-9c3a-00505689ff45,383,,,cc598f91-f31b-40a6-ae6e-b1eb63a25dee,t,2000-01-01,9999-12-31,t
42,a2160d63-881b-11ed-9c4c-00505689ff45,383.1,,,cc598f91-f31b-40a6-ae6e-b1eb63a25dee,t,2000-01-01,9999-12-31,t
43,6bd9c461-f2f7-11eb-9c3a-00505689ff45,415,,,cc598f91-f31b-40a6-ae6e-b1eb63a25dee,t,2000-01-01,9999-12-31,t
44,5e9492f1-f2f5-11eb-9c3a-00505689ff45,493,,,cc598f91-f31b-40a6-ae6e-b1eb63a25dee,t,2000-01-01,9999-12-31,t
45,e62977a9-f2f3-11eb-9c3a-00505689ff45,494,,,cc598f91-f31b-40a6-ae6e-b1eb63a25dee,t,2000-01-01,9999-12-31,t
46,d56eeecd-f2f8-11eb-9c3a-00505689ff45,505,,,cc598f91-f31b-40a6-ae6e-b1eb63a25dee,t,2000-01-01,9999-12-31,t
47,99062f43-92b3-11ef-9c5e-00505689ff45,575,,,cc598f91-f31b-40a6-ae6e-b1eb63a25dee,t,2000-01-01,9999-12-31,t
48,e0d27a05-92b4-11ef-9c5e-00505689ff45,586,,,cc598f91-f31b-40a6-ae6e-b1eb63a25dee,t,2000-01-01,9999-12-31,t
5,c0097370-f2ed-11eb-9c3a-00505689ff45,628,,,cc598f91-f31b-40a6-ae6e-b1eb63a25dee,t,2000-01-01,9999-12-31,t
6,e81c8150-f2ed-11eb-9c3a-00505689ff45,629,,,cc598f91-f31b-40a6-ae6e-b1eb63a25dee,t,2000-01-01,9999-12-31,t
7,3c5c0b40-f4b4-11ed-9c4e-00505689ff45,630,,,cc598f91-f31b-40a6-ae6e-b1eb63a25dee,t,2000-01-01,9999-12-31,t
8,3ad6a04c-f2f1-11eb-9c3a-00505689ff45,751,,,cc598f91-f31b-40a6-ae6e-b1eb63a25dee,t,2000-01-01,9999-12-31,t
9,71763696-92b5-11ef-9c5e-00505689ff45,806,,,cc598f91-f31b-40a6-ae6e-b1eb63a25dee,t,2000-01-01,9999-12-31,t
10,dac1beb3-f2ec-11eb-9c3a-00505689ff45,865,,,cc598f91-f31b-40a6-ae6e-b1eb63a25dee,t,2000-01-01,9999-12-31,t
11,656bad3d-f2ec-11eb-9c3a-00505689ff45,866,,,cc598f91-f31b-40a6-ae6e-b1eb63a25dee,t,2000-01-01,9999-12-31,t
12,33e25054-f2ec-11eb-9c3a-00505689ff45,867,,,cc598f91-f31b-40a6-ae6e-b1eb63a25dee,t,2000-01-01,9999-12-31,t
13,03dff433-f2ec-11eb-9c3a-00505689ff45,868,,,cc598f91-f31b-40a6-ae6e-b1eb63a25dee,t,2000-01-01,9999-12-31,t
14,c538eb7f-f2f1-11eb-9c3a-00505689ff45,989,,,cc598f91-f31b-40a6-ae6e-b1eb63a25dee,t,2000-01-01,9999-12-31,t
15,2ef1f247-f2f2-11eb-9c3a-00505689ff45,990,,,cc598f91-f31b-40a6-ae6e-b1eb63a25dee,t,2000-01-01,9999-12-31,t
16,a86814cd-f2f3-11eb-9c3a-00505689ff45,991,,,cc598f91-f31b-40a6-ae6e-b1eb63a25dee,t,2000-01-01,9999-12-31,t
17,508b9451-f156-11eb-9c3a-00505689ff45,992,,,cc598f91-f31b-40a6-ae6e-b1eb63a25dee,t,2000-01-01,9999-12-31,t
18,c67aaab1-f2f2-11eb-9c3a-00505689ff45,993,,,cc598f91-f31b-40a6-ae6e-b1eb63a25dee,t,2000-01-01,9999-12-31,t
19,0118b564-f2f2-11eb-9c3a-00505689ff45,994,,,cc598f91-f31b-40a6-ae6e-b1eb63a25dee,t,2000-01-01,9999-12-31,t
20,ee9e68f4-f2f2-11eb-9c3a-00505689ff45,995,,,cc598f91-f31b-40a6-ae6e-b1eb63a25dee,t,2000-01-01,9999-12-31,t
21,dbc77948-f2f0-11eb-9c3a-00505689ff45,996,,,cc598f91-f31b-40a6-ae6e-b1eb63a25dee,t,2000-01-01,9999-12-31,t
22,90eb924b-f2f0-11eb-9c3a-00505689ff45,997,,,cc598f91-f31b-40a6-ae6e-b1eb63a25dee,t,2000-01-01,9999-12-31,t
23,29c4da76-f2ee-11eb-9c3a-00505689ff45,998,,,cc598f91-f31b-40a6-ae6e-b1eb63a25dee,t,2000-01-01,9999-12-31,t
24,8c3ccb87-f15f-11eb-9c3a-00505689ff45,999,,,cc598f91-f31b-40a6-ae6e-b1eb63a25dee,t,2000-01-01,9999-12-31,t
