crop_sk,variety,color,reproduction,irrigation
84,Картофель / Индиго,,,
85,Картофель / Индиго,,РС1,
86,Картофель / Фламинго,,РС1,
87,Картофель / Фламинго,,РС2,
88,Картофель / Фламинго,,РС1,Без полива
89,Картофель / Фламинго,,,
90,Картофель / Фламинго,Красный,РС3,С поливом
91,Рожь / Сорт не указан,,,
92,Картофель / Аметист,,,
93,Свекла / Сорт не указан,,,
94,Картофель / Северное Сияние,,РС1,
95,Картофель / Северное Сияние,,,
96,Картофель / Ред Соня,,РС1,
97,Картофель / Коломба,,РС2_,С поливом
98,Картофель / Коломба,,РС1,Без полива
99,Картофель / Коломба,,,
100,Картофель / Коломба,,РС1,
101,Картофель / Коломба,,РС2+,С поливом
102,Картофель / Балтик Роуз,,,
103,Картофель / Балтик Роуз,,РС3,
104,Картофель / Балтик Роуз,,РС2+,Без полива
105,Картофель / Балтик Роуз,,РС3,Без полива
106,Картофель / Балтик Роуз,,РС1,
107,Картофель / Балтик Роуз,,РС2,С поливом
108,Картофель / Балтик Роуз,,РС2_+,С поливом
109,Картофель / Вэнди,,РС1,Без полива
110,Картофель / Вэнди,,РС4+,С поливом
111,Картофель / Вэнди,,РС4,Без полива
112,Картофель / Вэнди,,РС1,
113,Картофель / Вэнди,,РС2,
114,Картофель / Вэнди,,РС2_,
115,Картофель / Вэнди,,РС4+,Без полива
116,Картофель / Вэнди,,РС4_+,С поливом
117,Картофель / Беллароза,,РС2,
118,Картофель / Беллароза,,РС1,
119,Картофель / Мадейра,,РС2,Без полива
120,Картофель / Мадейра,,РС1,
121,Картофель / Мадейра,,,
122,Картофель / Рэд Скарлет,,РС1,
123,Картофель / Кармен,,РС2,С поливом
124,Картофель / Кармен,Красный,РС1,Без полива
125,Картофель / Кармен,Красный,РС1,С поливом
126,Картофель / Кармен,,РС1,
127,Картофель / Кармен,Красный,РС2,С поливом
128,Картофель / Кармен,,,
129,Картофель / Кармен,,РС2,Без полива
130,Картофель / Гала,,РС2,
131,Картофель / Гала,,РС1,
132,Картофель / Гала,,РС3_++,С поливом
133,Картофель / Гала,,РС2_,С поливом
134,Картофель / Гала,,РС2+,
135,Картофель / Гала,,РС2_++,
136,Картофель / Гала,Белый,РС1,Без полива
137,Картофель / Гала,,РС2,Без полива
138,Картофель / Гала,,РС2_+,С поливом
139,Картофель / Гала,Белый,РС3,С поливом
140,Картофель / Гала,,РС2_,
141,Картофель / Гала,,РС2_+,Без полива
142,Картофель / Гала,,РС3+,Без полива
143,Картофель / Гала,,,
144,Картофель / Гала,,РС3,
145,Картофель / Гала,,РС1,Без полива
146,Картофель / Гала,,РС2_+,
147,Картофель / Гала,,РС2,С поливом
148,Картофель / Гала,,РС3_+,Без полива
149,Чеснок / Сорт не указан,,,
150,Чеснок / Сорт не указан,,,Без полива
151,Картофель / Вега,,РС3_+,С поливом
152,Картофель / Вега,,РС3+_,Без полива
153,Картофель / Вега,,РС2_++,
154,Картофель / Вега,,РС3+_,С поливом
155,Картофель / Вега,,РС2,
156,Картофель / Вега,,РС3_-,С поливом
157,Картофель / Вега,,РС3++_,С поливом
158,Картофель / Вега,,РС3,С поливом
159,Картофель / Вега,,,
160,Картофель / Вега,,РС1,Без полива
161,Картофель / Вега,,РС3++,С поливом
162,Картофель / Вега,,РС2+,
163,Картофель / Вега,,РС2_,
164,Картофель / Вега,,РС2_+,
165,Картофель / Вега,,РС3_,Без полива
166,Картофель / Вега,,РС1,
