kultura,sort,reproduktsiya,poliv
Картофель,Аметист,,Не указан
Картофель,Балтик Роуз,РС1,Не указан
Картофель,Балтик Роуз,РС2,С поливом
Картофель,Балтик Роуз,РС2+,Без полива
Картофель,Балтик Роуз,РС2_+,С поливом
Картофель,Балтик Роуз,РС3,Без полива
Картофель,Балтик Роуз,РС3,Не указан
Картофель,Балтик Роуз,,Не указан
Картофель,Беллароза,РС1,Не указан
Картофель,Беллароза,РС2,Не указан
Картофель,Вега,РС1,Без полива
Картофель,Вега,РС1,Не указан
Картофель,Вега,РС2,Не указан
Картофель,Вега,РС2+,Не указан
Картофель,Вега,РС2_,Не указан
Картофель,Вега,РС2_+,Не указан
Картофель,Вега,РС2_++,Не указан
Картофель,Вега,РС3,С поливом
Картофель,Вега,РС3++,С поливом
Картофель,Вега,РС3++_,С поливом
Картофель,Вега,РС3+_,Без полива
Картофель,Вега,РС3+_,С поливом
Картофель,Вега,РС3_,Без полива
Картофель,Вега,РС3_+,С поливом
Картофель,Вега,РС3_-,С поливом
Картофель,Вега,,Не указан
Картофель,Вэнди,РС1,Без полива
Картофель,Вэнди,РС1,Не указан
Картофель,Вэнди,РС2,Не указан
Картофель,Вэнди,РС2_,Не указан
Картофель,Вэнди,РС4,Без полива
Картофель,Вэнди,РС4+,Без полива
Картофель,Вэнди,РС4+,С поливом
Картофель,Вэнди,РС4_+,С поливом
Картофель,Гала,РС1,Без полива
Картофель,Гала,РС1,Не указан
Картофель,Гала,РС2,Без полива
Картофель,Гала,РС2,Не указан
Картофель,Гала,РС2,С поливом
Картофель,Гала,РС2+,Не указан
Картофель,Гала,РС2_,Не указан
Картофель,Гала,РС2_,С поливом
Картофель,Гала,РС2_+,Без полива
Картофель,Гала,РС2_+,Не указан
Картофель,Гала,РС2_+,С поливом
Картофель,Гала,РС2_++,Не указан
Картофель,Гала,РС3,Не указан
Картофель,Гала,РС3,С поливом
Картофель,Гала,РС3+,Без полива
Картофель,Гала,РС3_+,Без полива
Картофель,Гала,РС3_++,С поливом
Картофель,Гала,,Не указан
Картофель,Индиго,РС1,Не указан
Картофель,Индиго,,Не указан
Картофель,Кармен,РС1,Без полива
Картофель,Кармен,РС1,Не указан
Картофель,Кармен,РС1,С поливом
Картофель,Кармен,РС2,Без полива
Картофель,Кармен,РС2,С поливом
Картофель,Кармен,,Не указан
Картофель,Коломба,РС1,Без полива
Картофель,Коломба,РС1,Не указан
Картофель,Коломба,РС2+,С поливом
Картофель,Коломба,РС2_,С поливом
Картофель,Коломба,,Не указан
Картофель,Мадейра,РС1,Не указан
Картофель,Мадейра,РС2,Без полива
Картофель,Мадейра,,Не указан
Картофель,Ред Соня,РС1,Не указан
Картофель,Рэд Скарлет,РС1,Не указан
Картофель,Северное Сияние,РС1,Не указан
Картофель,Северное Сияние,,Не указан
Картофель,Фламинго,РС1,Без полива
Картофель,Фламинго,РС1,Не указан
Картофель,Фламинго,РС2,Не указан
Картофель,Фламинго,РС3,С поливом
Картофель,Фламинго,,Не указан
Не определено,Гала,РС1,Не указан
Не определено,Гала,РС3,Не указан
Не определено,Гала,,Не указан
Не определено,Кармен,РС1,Не указан
Рожь,,,Не указан
Свекла,,,Не указан
Чеснок,,,Без полива
Чеснок,,,Не указан
