pole_id,pole_nomer,uchastok_nomer,field_section_label
70d29b50-f15a-11eb-9c3a-00505689ff45,175,23,175 / 23
70d29b50-f15a-11eb-9c3a-00505689ff45,175,24,175 / 24
70d29b50-f15a-11eb-9c3a-00505689ff45,175,26,175 / 26
70d29b50-f15a-11eb-9c3a-00505689ff45,175,28,175 / 28
70d29b50-f15a-11eb-9c3a-00505689ff45,175,29,175 / 29
70d29b50-f15a-11eb-9c3a-00505689ff45,175,30,175 / 30
d87d0832-f2f7-11eb-9c3a-00505689ff45,201,1,201 / 1
d87d0832-f2f7-11eb-9c3a-00505689ff45,201,10,201 / 10
d87d0832-f2f7-11eb-9c3a-00505689ff45,201,11,201 / 11
d87d0832-f2f7-11eb-9c3a-00505689ff45,201,12,201 / 12
d87d0832-f2f7-11eb-9c3a-00505689ff45,201,13,201 / 13
d87d0832-f2f7-11eb-9c3a-00505689ff45,201,9,201 / 9
fbf68bb5-f2f5-11eb-9c3a-00505689ff45,203,1,203 / 1
fbf68bb5-f2f5-11eb-9c3a-00505689ff45,203,2,203 / 2
fbf68bb5-f2f5-11eb-9c3a-00505689ff45,203,3,203 / 3
78fc9727-f160-11eb-9c3a-00505689ff45,235,7,235 / 7
78fc9727-f160-11eb-9c3a-00505689ff45,235,8,235 / 8
78fc9727-f160-11eb-9c3a-00505689ff45,235,9,235 / 9
d7ca999f-f153-11eb-9c3a-00505689ff45,318,2,318 / 2
d7ca999f-f153-11eb-9c3a-00505689ff45,318,4,318 / 4
d7ca999f-f153-11eb-9c3a-00505689ff45,318,5,318 / 5
d7ca999f-f153-11eb-9c3a-00505689ff45,318,6,318 / 6
d7ca999f-f153-11eb-9c3a-00505689ff45,318,7,318 / 7
d7ca999f-f153-11eb-9c3a-00505689ff45,318,8,318 / 8
5e9492f1-f2f5-11eb-9c3a-00505689ff45,493,15,493 / 15
5e9492f1-f2f5-11eb-9c3a-00505689ff45,493,16,493 / 16
5e9492f1-f2f5-11eb-9c3a-00505689ff45,493,17,493 / 17
5e9492f1-f2f5-11eb-9c3a-00505689ff45,493,18,493 / 18
3ad6a04c-f2f1-11eb-9c3a-00505689ff45,751,19,751 / 19
3ad6a04c-f2f1-11eb-9c3a-00505689ff45,751,20,751 / 20
3ad6a04c-f2f1-11eb-9c3a-00505689ff45,751,21,751 / 21
3ad6a04c-f2f1-11eb-9c3a-00505689ff45,751,22,751 / 22
3ad6a04c-f2f1-11eb-9c3a-00505689ff45,751,7,751 / 7
3ad6a04c-f2f1-11eb-9c3a-00505689ff45,751,8,751 / 8
3ad6a04c-f2f1-11eb-9c3a-00505689ff45,751,9,751 / 9
c538eb7f-f2f1-11eb-9c3a-00505689ff45,989,22,989 / 22
c538eb7f-f2f1-11eb-9c3a-00505689ff45,989,23,989 / 23
c538eb7f-f2f1-11eb-9c3a-00505689ff45,989,24,989 / 24
c538eb7f-f2f1-11eb-9c3a-00505689ff45,989,25,989 / 25
90eb924b-f2f0-11eb-9c3a-00505689ff45,997,11,997 / 11
90eb924b-f2f0-11eb-9c3a-00505689ff45,997,12,997 / 12
90eb924b-f2f0-11eb-9c3a-00505689ff45,997,13,997 / 13
90eb924b-f2f0-11eb-9c3a-00505689ff45,997,14,997 / 14
90eb924b-f2f0-11eb-9c3a-00505689ff45,997,15,997 / 15
90eb924b-f2f0-11eb-9c3a-00505689ff45,997,16,997 / 16
90eb924b-f2f0-11eb-9c3a-00505689ff45,997,17,997 / 17
